time,p,T,Tve,rho
0,100000,348.432,348.432,0.966971
2e-06,99329,348.386,348.432,0.96061
4e-06,98669,348.33,348.432,0.95438
6e-06,98012,348.267,348.432,0.948197
8e-06,97359.4,348.195,348.432,0.942077
1e-05,96712.5,348.116,348.432,0.936031
1.2e-05,96072.2,348.028,348.432,0.930069
1.4e-05,95439.2,347.931,348.432,0.924197
1.6e-05,94814,347.826,348.432,0.918421
1.8e-05,94197,347.712,348.432,0.912743
2e-05,93588.3,347.589,348.432,0.907165
2.2e-05,92988.2,347.457,348.432,0.90169
2.4e-05,92396.6,347.317,348.432,0.896317
2.6e-05,91813.6,347.167,348.432,0.891046
2.8e-05,91239.3,347.008,348.432,0.885878
3e-05,90673.4,346.84,348.432,0.88081
3.2e-05,90115.9,346.662,348.432,0.875842
3.4e-05,89566.8,346.476,348.432,0.870973
3.6e-05,89025.8,346.281,348.432,0.866201
3.8e-05,88492.9,346.076,348.432,0.861524
4e-05,87967.9,345.863,348.432,0.856941
4.2e-05,87450.6,345.641,348.432,0.85245
4.4e-05,86941,345.41,348.432,0.848047
4.6e-05,86438.9,345.173,348.432,0.843732
4.8e-05,85944.4,344.928,348.432,0.8395
5e-05,85457.1,344.676,348.432,0.83535
5.2e-05,84977.1,344.417,348.432,0.831281
5.4e-05,84504,344.152,348.432,0.82729
5.6e-05,84037.7,343.881,348.432,0.823375
5.8e-05,83578.2,343.603,348.432,0.819534
6e-05,83125.2,343.319,348.432,0.815766
6.2e-05,82678.6,343.03,348.432,0.812068
6.4e-05,82238.3,342.735,348.432,0.808438
6.6e-05,81804,342.434,348.432,0.804875
6.8e-05,81375.8,342.129,348.432,0.801377
7e-05,80953.4,341.818,348.432,0.797942
7.2e-05,80536.7,341.502,348.432,0.794568
7.4e-05,80125.6,341.182,348.432,0.791255
7.6e-05,79719.9,340.857,348.432,0.787999
7.8e-05,79319.6,340.528,348.432,0.7848
8e-05,78924.5,340.195,348.432,0.781655
8.2e-05,78534.5,339.858,348.432,0.778565
8.4e-05,78149.5,339.517,348.432,0.775526
8.6e-05,77769.4,339.172,348.432,0.772538
8.8e-05,77394,338.824,348.432,0.769599
9e-05,77023.4,338.473,348.432,0.766708
9.2e-05,76657.4,338.118,348.432,0.763864
9.4e-05,76295.8,337.761,348.432,0.761065
9.6e-05,75938.7,337.401,348.432,0.758311
9.8e-05,75585.8,337.039,348.432,0.755599
0.0001,75237.2,336.674,348.432,0.75293
0.000102,74892.8,336.307,348.432,0.750301
0.000104,74552.4,335.937,348.432,0.747713
0.000106,74216.1,335.566,348.432,0.745163
0.000108,73883.7,335.193,348.432,0.74265
0.00011,73555.1,334.819,348.432,0.740175
0.000112,73230.3,334.442,348.432,0.737736
0.000114,72909.3,334.065,348.432,0.735332
0.000116,72591.9,333.686,348.432,0.732962
0.000118,72278.1,333.306,348.432,0.730625
0.00012,71967.9,332.925,348.432,0.728321
0.000122,71661.1,332.544,348.432,0.726049
0.000124,71357.8,332.161,348.432,0.723808
0.000126,71057.8,331.778,348.432,0.721598
0.000128,70761.2,331.395,348.432,0.719417
0.00013,70467.9,331.011,348.432,0.717266
0.000132,70177.7,330.627,348.432,0.715143
0.000134,69890.8,330.242,348.432,0.713047
0.000136,69606.9,329.858,348.432,0.710979
0.000138,69326.1,329.473,348.432,0.708937
0.00014,69048.3,329.089,348.432,0.706921
0.000142,68773.4,328.704,348.432,0.704931
0.000144,68501.5,328.32,348.432,0.702965
0.000146,68232.5,327.936,348.432,0.701024
0.000148,67966.4,327.553,348.432,0.699107
0.00015,67703,327.17,348.432,0.697213
0.000152,67442.5,326.788,348.432,0.695342
0.000154,67184.6,326.406,348.432,0.693494
0.000156,66929.5,326.025,348.432,0.691668
0.000158,66677.1,325.645,348.432,0.689864
0.00016,66427.2,325.266,348.432,0.688081
0.000162,66180,324.887,348.432,0.686318
0.000164,65935.4,324.51,348.432,0.684577
0.000166,65693.2,324.133,348.432,0.682855
0.000168,65453.6,323.758,348.432,0.681153
0.00017,65216.4,323.383,348.432,0.67947
0.000172,64981.7,323.01,348.432,0.677807
0.000174,64749.3,322.638,348.432,0.676162
0.000176,64519.3,322.268,348.432,0.674535
0.000178,64291.7,321.898,348.432,0.672926
0.00018,64066.3,321.53,348.432,0.671335
0.000182,63843.2,321.163,348.432,0.669761
0.000184,63622.3,320.798,348.432,0.668204
0.000186,63403.6,320.433,348.432,0.666664
0.000188,63187,320.071,348.432,0.66514
0.00019,62972.6,319.709,348.432,0.663632
0.000192,62760.4,319.35,348.432,0.66214
0.000194,62550.2,318.991,348.432,0.660664
0.000196,62342,318.635,348.432,0.659203
0.000198,62135.9,318.279,348.432,0.657757
0.0002,61931.7,317.926,348.432,0.656325
0.000202,61729.6,317.573,348.432,0.654908
0.000204,61529.4,317.223,348.432,0.653506
0.000206,61331.1,316.874,348.432,0.652117
0.000208,61134.7,316.526,348.432,0.650742
0.00021,60940.2,316.18,348.432,0.649381
0.000212,60747.4,315.836,348.432,0.648033
0.000214,60556.1,315.493,348.432,0.646695
0.000216,60366.5,315.151,348.432,0.64537
0.000218,60178.4,314.811,348.432,0.644055
0.00022,59991.9,314.471,348.432,0.642751
0.000222,59807,314.134,348.432,0.641459
0.000224,59623.6,313.797,348.432,0.640177
0.000226,59441.7,313.462,348.432,0.638906
0.000228,59261.3,313.129,348.432,0.637646
0.00023,59082.4,312.796,348.432,0.636396
0.000232,58905.1,312.466,348.432,0.635157
0.000234,58729.2,312.137,348.432,0.633929
0.000236,58554.8,311.809,348.432,0.632711
0.000238,58381.8,311.482,348.432,0.631503
0.00024,58210.4,311.158,348.432,0.630306
0.000242,58040.3,310.834,348.432,0.629118
0.000244,57871.7,310.513,348.432,0.627941
0.000246,57704.6,310.192,348.432,0.626773
0.000248,57538.8,309.874,348.432,0.625616
0.00025,57374.5,309.556,348.432,0.624468
0.000252,57211.5,309.241,348.432,0.62333
0.000254,57049.9,308.927,348.432,0.622201
0.000256,56889.7,308.614,348.432,0.621082
0.000258,56730.9,308.303,348.432,0.619973
0.00026,56573.4,307.994,348.432,0.618873
0.000262,56417.2,307.686,348.432,0.617782
0.000264,56262.4,307.38,348.432,0.6167
0.000266,56108.9,307.075,348.432,0.615628
0.000268,55956.7,306.772,348.432,0.614565
0.00027,55805.8,306.471,348.432,0.61351
0.000272,55656.2,306.171,348.432,0.612465
0.000274,55507.9,305.872,348.432,0.611428
0.000276,55360.8,305.576,348.432,0.610401
0.000278,55215,305.281,348.432,0.609382
0.00028,55070.5,304.987,348.432,0.608371
0.000282,54927.2,304.695,348.432,0.607369
0.000284,54785.1,304.405,348.432,0.606376
0.000286,54644.2,304.116,348.432,0.605391
0.000288,54504.6,303.829,348.432,0.604415
0.00029,54366.1,303.543,348.432,0.603446
0.000292,54228.8,303.259,348.432,0.602486
0.000294,54092.7,302.977,348.432,0.601534
0.000296,53957.8,302.696,348.432,0.60059
0.000298,53824,302.417,348.432,0.599655
0.0003,53691.4,302.139,348.432,0.598727
0.000302,53560,301.863,348.432,0.597807
0.000304,53429.6,301.589,348.432,0.596895
0.000306,53300.4,301.316,348.432,0.59599
0.000308,53172.3,301.045,348.432,0.595094
0.00031,53045.3,300.775,348.432,0.594205
0.000312,52919.4,300.507,348.432,0.593323
0.000314,52794.6,300.24,348.432,0.59245
0.000316,52670.8,299.975,348.432,0.591583
0.000318,52548.1,299.712,348.432,0.590724
0.00032,52426.5,299.45,348.432,0.589872
0.000322,52306,299.19,348.432,0.589028
0.000324,52186.4,298.931,348.432,0.588191
0.000326,52068,298.673,348.432,0.587361
0.000328,51950.5,298.418,348.432,0.586538
0.00033,51834,298.164,348.432,0.585722
0.000332,51760.1,298.15,348.432,0.584913
0.000334,51689.1,298.15,348.432,0.584111
0.000336,51618.7,298.15,348.432,0.583315
0.000338,51548.8,298.15,348.432,0.582526
0.00034,51479.5,298.15,348.432,0.581742
0.000342,51410.8,298.15,348.432,0.580966
0.000344,51342.5,298.15,348.432,0.580195
0.000346,51274.8,298.15,348.432,0.579429
0.000348,51207.5,298.15,348.432,0.578668
0.00035,51140.6,298.15,348.432,0.577913
0.000352,51074.3,298.15,348.432,0.577163
0.000354,51008.3,298.15,348.432,0.576418
0.000356,50942.8,298.15,348.432,0.575677
0.000358,50877.7,298.15,348.432,0.574942
0.00036,50813,298.15,348.432,0.574211
0.000362,50748.8,298.15,348.432,0.573485
0.000364,50684.9,298.15,348.432,0.572763
0.000366,50621.4,298.15,348.432,0.572046
0.000368,50558.4,298.15,348.432,0.571333
0.00037,50495.7,298.15,348.432,0.570624
0.000372,50433.3,298.15,348.432,0.56992
0.000374,50371.4,298.15,348.432,0.56922
0.000376,50309.8,298.15,348.432,0.568524
0.000378,50248.6,298.15,348.432,0.567832
0.00038,50187.7,298.15,348.432,0.567144
0.000382,50127.1,298.15,348.432,0.56646
0.000384,50066.9,298.15,348.432,0.56578
0.000386,50007.1,298.15,348.432,0.565103
0.000388,49947.5,298.15,348.432,0.56443
0.00039,49888.3,298.15,348.432,0.563761
0.000392,49829.4,298.15,348.432,0.563095
0.000394,49770.8,298.15,348.432,0.562433
0.000396,49712.5,298.15,348.432,0.561775
0.000398,49654.5,298.15,348.432,0.561119
0.0004,49596.8,298.15,348.432,0.560467
0.000402,49539.4,298.15,348.432,0.559819
0.000404,49482.3,298.15,348.432,0.559173
0.000406,49425.5,298.15,348.432,0.558531
0.000408,49368.9,298.15,348.432,0.557892
0.00041,49312.6,298.15,348.432,0.557256
0.000412,49256.6,298.15,348.432,0.556623
0.000414,49200.9,298.15,348.432,0.555993
0.000416,49145.4,298.15,348.432,0.555366
0.000418,49090.1,298.15,348.432,0.554741
0.00042,49035.2,298.15,348.432,0.55412
0.000422,48980.4,298.15,348.432,0.553502
0.000424,48925.9,298.15,348.432,0.552886
0.000426,48871.7,298.15,348.432,0.552273
0.000428,48817.7,298.15,348.432,0.551662
0.00043,48763.9,298.15,348.432,0.551055
0.000432,48710.4,298.15,348.432,0.55045
0.000434,48657,298.15,348.432,0.549847
0.000436,48604,298.15,348.432,0.549247
0.000438,48551.1,298.15,348.432,0.54865
0.00044,48498.4,298.15,348.432,0.548055
0.000442,48446,298.15,348.432,0.547463
0.000444,48393.8,298.15,348.432,0.546873
0.000446,48341.8,298.15,348.432,0.546285
0.000448,48290,298.15,348.432,0.5457
0.00045,48238.5,298.15,348.432,0.545117
0.000452,48187.1,298.15,348.432,0.544537
0.000454,48135.9,298.15,348.432,0.543958
0.000456,48085,298.15,348.432,0.543383
0.000458,48034.2,298.15,348.432,0.542809
0.00046,47983.7,298.15,348.432,0.542238
0.000462,47933.3,298.15,348.432,0.541669
0.000464,47883.2,298.15,348.432,0.541102
0.000466,47833.3,298.15,348.432,0.540538
0.000468,47783.6,298.15,348.432,0.539976
0.00047,47734,298.15,348.432,0.539417
0.000472,47684.7,298.15,348.432,0.53886
0.000474,47635.6,298.15,348.432,0.538305
0.000476,47586.8,298.15,348.432,0.537752
0.000478,47538.1,298.15,348.432,0.537202
0.00048,47489.6,298.15,348.432,0.536655
0.000482,47441.4,298.15,348.432,0.536109
0.000484,47393.3,298.15,348.432,0.535566
0.000486,47345.5,298.15,348.432,0.535026
0.000488,47297.9,298.15,348.432,0.534488
0.00049,47250.4,298.15,348.432,0.533952
0.000492,47203.2,298.15,348.432,0.533419
0.000494,47156.3,298.15,348.432,0.532888
0.000496,47109.5,298.15,348.432,0.532359
0.000498,47063,298.15,348.432,0.531833
0.0005,47016.6,298.15,348.432,0.53131
0.000502,46970.5,298.15,348.432,0.530789
0.000504,46924.6,298.15,348.432,0.53027
0.000506,46878.9,298.15,348.432,0.529754
0.000508,46833.5,298.15,348.432,0.52924
0.00051,46788.2,298.15,348.432,0.528729
0.000512,46743.2,298.15,348.432,0.52822
0.000514,46698.4,298.15,348.432,0.527714
0.000516,46653.8,298.15,348.432,0.52721
0.000518,46609.4,298.15,348.432,0.526708
0.00052,46565.3,298.15,348.432,0.52621
0.000522,46521.4,298.15,348.432,0.525713
0.000524,46477.7,298.15,348.432,0.52522
0.000526,46434.2,298.15,348.432,0.524729
0.000528,46391,298.15,348.432,0.52424
0.00053,46348,298.15,348.432,0.523754
0.000532,46305.2,298.15,348.432,0.52327
0.000534,46262.7,298.15,348.432,0.52279
0.000536,46220.3,298.15,348.432,0.522311
0.000538,46178.2,298.15,348.432,0.521836
0.00054,46136.4,298.15,348.432,0.521362
0.000542,46094.7,298.15,348.432,0.520892
0.000544,46053.3,298.15,348.432,0.520424
0.000546,46012.1,298.15,348.432,0.519959
0.000548,45971.2,298.15,348.432,0.519496
0.00055,45930.5,298.15,348.432,0.519036
0.000552,45890,298.15,348.432,0.518578
0.000554,45849.8,298.15,348.432,0.518124
0.000556,45809.7,298.15,348.432,0.517671
0.000558,45770,298.15,348.432,0.517222
0.00056,45730.4,298.15,348.432,0.516775
0.000562,45691.1,298.15,348.432,0.516331
0.000564,45652,298.15,348.432,0.515889
0.000566,45613.2,298.15,348.432,0.515451
0.000568,45574.6,298.15,348.432,0.515014
0.00057,45536.3,298.15,348.432,0.514581
0.000572,45498.1,298.15,348.432,0.51415
0.000574,45460.2,298.15,348.432,0.513722
0.000576,45422.6,298.15,348.432,0.513296
0.000578,45385.2,298.15,348.432,0.512874
0.00058,45348,298.15,348.432,0.512454
0.000582,45311.1,298.15,348.432,0.512036
0.000584,45274.4,298.15,348.432,0.511622
0.000586,45237.9,298.15,348.432,0.51121
0.000588,45201.7,298.15,348.432,0.5108
0.00059,45165.7,298.15,348.432,0.510394
0.000592,45130,298.15,348.432,0.50999
0.000594,45094.5,298.15,348.432,0.509588
0.000596,45059.2,298.15,348.432,0.50919
0.000598,45024.2,298.15,348.432,0.508794
0.0006,44989.4,298.15,348.432,0.508401
0.000602,44954.8,298.15,348.432,0.50801
0.000604,44920.5,298.15,348.432,0.507622
0.000606,44886.4,298.15,348.432,0.507237
0.000608,44852.5,298.15,348.432,0.506855
0.00061,44818.9,298.15,348.432,0.506475
0.000612,44785.6,298.15,348.432,0.506098
0.000614,44752.4,298.15,348.432,0.505723
0.000616,44719.5,298.15,348.432,0.505351
0.000618,44686.8,298.15,348.432,0.504982
0.00062,44654.4,298.15,348.432,0.504615
0.000622,44622.2,298.15,348.432,0.504251
0.000624,44590.2,298.15,348.432,0.50389
0.000626,44558.5,298.15,348.432,0.503531
0.000628,44526.9,298.15,348.432,0.503175
0.00063,44495.7,298.15,348.432,0.502822
0.000632,44464.6,298.15,348.432,0.502471
0.000634,44433.8,298.15,348.432,0.502122
0.000636,44403.2,298.15,348.432,0.501777
0.000638,44372.8,298.15,348.432,0.501433
0.00064,44342.6,298.15,348.432,0.501093
0.000642,44312.7,298.15,348.432,0.500754
0.000644,44283,298.15,348.432,0.500419
0.000646,44253.5,298.15,348.432,0.500085
0.000648,44224.3,298.15,348.432,0.499755
0.00065,44195.2,298.15,348.432,0.499427
0.000652,44166.4,298.15,348.432,0.499101
0.000654,44137.8,298.15,348.432,0.498778
0.000656,44109.4,298.15,348.432,0.498457
0.000658,44081.2,298.15,348.432,0.498138
0.00066,44053.2,298.15,348.432,0.497822
0.000662,44025.5,298.15,348.432,0.497509
0.000664,43997.9,298.15,348.432,0.497197
0.000666,43970.6,298.15,348.432,0.496888
0.000668,43943.5,298.15,348.432,0.496582
0.00067,43916.6,298.15,348.432,0.496278
0.000672,43889.8,298.15,348.432,0.495976
0.000674,43863.3,298.15,348.432,0.495676
0.000676,43837,298.15,348.432,0.495379
0.000678,43810.9,298.15,348.432,0.495083
0.00068,43785,298.15,348.432,0.49479
0.000682,43759.2,298.15,348.432,0.4945
0.000684,43733.7,298.15,348.432,0.494211
0.000686,43708.4,298.15,348.432,0.493925
0.000688,43683.2,298.15,348.432,0.493641
0.00069,43658.3,298.15,348.432,0.493359
0.000692,43633.5,298.15,348.432,0.493079
0.000694,43608.9,298.15,348.432,0.492801
0.000696,43584.5,298.15,348.432,0.492525
0.000698,43560.3,298.15,348.432,0.492251
0.0007,43536.2,298.15,348.432,0.49198
0.000702,43512.3,298.15,348.432,0.49171
0.000704,43488.7,298.15,348.432,0.491442
0.000706,43465.1,298.15,348.432,0.491176
0.000708,43441.8,298.15,348.432,0.490912
0.00071,43418.6,298.15,348.432,0.490651
0.000712,43395.6,298.15,348.432,0.49039
0.000714,43372.8,298.15,348.432,0.490132
0.000716,43350.1,298.15,348.432,0.489876
0.000718,43327.5,298.15,348.432,0.489621
0.00072,43305.2,298.15,348.432,0.489369
0.000722,43283,298.15,348.432,0.489118
0.000724,43260.9,298.15,348.432,0.488869
0.000726,43239,298.15,348.432,0.488621
0.000728,43217.3,298.15,348.432,0.488375
0.00073,43195.7,298.15,348.432,0.488131
0.000732,43174.2,298.15,348.432,0.487889
0.000734,43152.9,298.15,348.432,0.487648
0.000736,43131.8,298.15,348.432,0.487409
0.000738,43110.7,298.15,348.432,0.487171
0.00074,43089.9,298.15,348.432,0.486935
0.000742,43069.1,298.15,348.432,0.486701
0.000744,43048.5,298.15,348.432,0.486468
0.000746,43028,298.15,348.432,0.486237
0.000748,43007.7,298.15,348.432,0.486007
0.00075,42987.5,298.15,348.432,0.485779
0.000752,42967.4,298.15,348.432,0.485552
0.000754,42947.5,298.15,348.432,0.485327
0.000756,42927.7,298.15,348.432,0.485103
0.000758,42908,298.15,348.432,0.48488
0.00076,42888.4,298.15,348.432,0.484659
0.000762,42869,298.15,348.432,0.484439
0.000764,42849.7,298.15,348.432,0.484221
0.000766,42830.5,298.15,348.432,0.484004
0.000768,42811.4,298.15,348.432,0.483789
0.00077,42792.4,298.15,348.432,0.483574
0.000772,42773.6,298.15,348.432,0.483361
0.000774,42754.9,298.15,348.432,0.48315
0.000776,42736.2,298.15,348.432,0.482939
0.000778,42717.7,298.15,348.432,0.48273
0.00078,42699.4,298.15,348.432,0.482523
0.000782,42681.1,298.15,348.432,0.482316
0.000784,42662.9,298.15,348.432,0.482111
0.000786,42644.9,298.15,348.432,0.481907
0.000788,42626.9,298.15,348.432,0.481704
0.00079,42609.1,298.15,348.432,0.481502
0.000792,42591.3,298.15,348.432,0.481302
0.000794,42573.7,298.15,348.432,0.481102
0.000796,42556.1,298.15,348.432,0.480904
0.000798,42538.7,298.15,348.432,0.480707
0.0008,42521.3,298.15,348.432,0.480511
0.000802,42504.1,298.15,348.432,0.480316
0.000804,42487,298.15,348.432,0.480122
0.000806,42469.9,298.15,348.432,0.47993
0.000808,42453,298.15,348.432,0.479738
0.00081,42436.1,298.15,348.432,0.479548
0.000812,42419.3,298.15,348.432,0.479358
0.000814,42402.7,298.15,348.432,0.47917
0.000816,42386.1,298.15,348.432,0.478982
0.000818,42369.6,298.15,348.432,0.478796
0.00082,42353.2,298.15,348.432,0.478611
0.000822,42336.9,298.15,348.432,0.478426
0.000824,42320.6,298.15,348.432,0.478243
0.000826,42304.5,298.15,348.432,0.47806
0.000828,42288.4,298.15,348.432,0.477879
0.00083,42272.4,298.15,348.432,0.477698
0.000832,42256.5,298.15,348.432,0.477519
0.000834,42240.7,298.15,348.432,0.47734
0.000836,42225,298.15,348.432,0.477162
0.000838,42209.3,298.15,348.432,0.476985
0.00084,42193.7,298.15,348.432,0.476809
0.000842,42178.3,298.15,348.432,0.476634
0.000844,42162.8,298.15,348.432,0.47646
0.000846,42147.5,298.15,348.432,0.476286
0.000848,42132.2,298.15,348.432,0.476114
0.00085,42117,298.15,348.432,0.475942
0.000852,42101.9,298.15,348.432,0.475771
0.000854,42086.8,298.15,348.432,0.475601
0.000856,42071.9,298.15,348.432,0.475432
0.000858,42057,298.15,348.432,0.475263
0.00086,42042.1,298.15,348.432,0.475096
0.000862,42027.4,298.15,348.432,0.474929
0.000864,42012.7,298.15,348.432,0.474763
0.000866,41998,298.15,348.432,0.474597
0.000868,41983.5,298.15,348.432,0.474433
0.00087,41969,298.15,348.432,0.474269
0.000872,41954.5,298.15,348.432,0.474106
0.000874,41940.2,298.15,348.432,0.473944
0.000876,41925.9,298.15,348.432,0.473782
0.000878,41911.6,298.15,348.432,0.473621
0.00088,41897.5,298.15,348.432,0.473461
0.000882,41883.3,298.15,348.432,0.473301
0.000884,41869.3,298.15,348.432,0.473142
0.000886,41855.3,298.15,348.432,0.472984
0.000888,41841.4,298.15,348.432,0.472827
0.00089,41827.5,298.15,348.432,0.47267
0.000892,41813.7,298.15,348.432,0.472514
0.000894,41799.9,298.15,348.432,0.472359
0.000896,41786.2,298.15,348.432,0.472204
0.000898,41772.6,298.15,348.432,0.47205
0.0009,41759,298.15,348.432,0.471896
0.000902,41745.5,298.15,348.432,0.471743
0.000904,41732,298.15,348.432,0.471591
0.000906,41718.6,298.15,348.432,0.471439
0.000908,41705.2,298.15,348.432,0.471288
0.00091,41691.9,298.15,348.432,0.471138
0.000912,41678.6,298.15,348.432,0.470988
0.000914,41665.4,298.15,348.432,0.470838
0.000916,41652.2,298.15,348.432,0.47069
0.000918,41639.1,298.15,348.432,0.470542
0.00092,41626.1,298.15,348.432,0.470394
0.000922,41613.1,298.15,348.432,0.470247
0.000924,41600.1,298.15,348.432,0.4701
0.000926,41587.2,298.15,348.432,0.469954
0.000928,41574.3,298.15,348.432,0.469809
0.00093,41561.5,298.15,348.432,0.469664
0.000932,41548.7,298.15,348.432,0.46952
0.000934,41536,298.15,348.432,0.469376
0.000936,41523.3,298.15,348.432,0.469233
0.000938,41510.7,298.15,348.432,0.46909
0.00094,41498.1,298.15,348.432,0.468948
0.000942,41485.5,298.15,348.432,0.468806
0.000944,41473,298.15,348.432,0.468665
0.000946,41460.6,298.15,348.432,0.468524
0.000948,41448.2,298.15,348.432,0.468384
0.00095,41435.8,298.15,348.432,0.468244
0.000952,41423.5,298.15,348.432,0.468104
0.000954,41411.2,298.15,348.432,0.467965
0.000956,41398.9,298.15,348.432,0.467827
0.000958,41386.7,298.15,348.432,0.467689
0.00096,41374.5,298.15,348.432,0.467552
0.000962,41362.4,298.15,348.432,0.467414
0.000964,41350.3,298.15,348.432,0.467278
0.000966,41338.3,298.15,348.432,0.467142
0.000968,41326.2,298.15,348.432,0.467006
0.00097,41314.3,298.15,348.432,0.46687
0.000972,41302.3,298.15,348.432,0.466735
0.000974,41290.4,298.15,348.432,0.466601
0.000976,41278.5,298.15,348.432,0.466467
0.000978,41266.7,298.15,348.432,0.466333
0.00098,41254.9,298.15,348.432,0.4662
0.000982,41243.1,298.15,348.432,0.466067
0.000984,41231.4,298.15,348.432,0.465934
0.000986,41219.7,298.15,348.432,0.465802
0.000988,41208,298.15,348.432,0.46567
0.00099,41196.4,298.15,348.432,0.465539
0.000992,41184.8,298.15,348.432,0.465408
0.000994,41173.3,298.15,348.432,0.465277
0.000996,41161.7,298.15,348.432,0.465147
0.000998,41150.2,298.15,348.432,0.465017
0.001,41138.7,298.15,348.432,0.464887
0.001002,41127.3,298.15,348.432,0.464758
0.001004,41115.9,298.15,348.432,0.464629
0.001006,41104.5,298.15,348.432,0.4645
0.001008,41093.1,298.15,348.432,0.464372
0.00101,41081.8,298.15,348.432,0.464244
0.001012,41070.5,298.15,348.432,0.464116
0.001014,41059.2,298.15,348.432,0.463989
0.001016,41048,298.15,348.432,0.463862
0.001018,41036.8,298.15,348.432,0.463735
0.00102,41025.6,298.15,348.432,0.463608
0.001022,41014.4,298.15,348.432,0.463482
0.001024,41003.3,298.15,348.432,0.463356
0.001026,40992.2,298.15,348.432,0.463231
0.001028,40981.1,298.15,348.432,0.463105
0.00103,40970,298.15,348.432,0.46298
0.001032,40959,298.15,348.432,0.462855
0.001034,40947.9,298.15,348.432,0.462731
0.001036,40936.9,298.15,348.432,0.462606
0.001038,40926,298.15,348.432,0.462482
0.00104,40915,298.15,348.432,0.462359
0.001042,40904.1,298.15,348.432,0.462235
0.001044,40893.2,298.15,348.432,0.462112
0.001046,40882.3,298.15,348.432,0.461989
0.001048,40871.4,298.15,348.432,0.461866
0.00105,40860.5,298.15,348.432,0.461743
0.001052,40849.7,298.15,348.432,0.461621
0.001054,40838.9,298.15,348.432,0.461499
0.001056,40828.1,298.15,348.432,0.461377
0.001058,40817.3,298.15,348.432,0.461255
0.00106,40806.6,298.15,348.432,0.461133
0.001062,40795.8,298.15,348.432,0.461012
0.001064,40785.1,298.15,348.432,0.460891
0.001066,40774.4,298.15,348.432,0.46077
0.001068,40763.7,298.15,348.432,0.460649
0.00107,40753.1,298.15,348.432,0.460529
0.001072,40742.4,298.15,348.432,0.460409
0.001074,40731.8,298.15,348.432,0.460288
0.001076,40721.2,298.15,348.432,0.460169
0.001078,40710.6,298.15,348.432,0.460049
0.00108,40700,298.15,348.432,0.459929
0.001082,40689.5,298.15,348.432,0.45981
0.001084,40678.9,298.15,348.432,0.459691
0.001086,40668.4,298.15,348.432,0.459572
0.001088,40657.9,298.15,348.432,0.459453
0.00109,40647.4,298.15,348.432,0.459335
0.001092,40636.9,298.15,348.432,0.459216
0.001094,40626.5,298.15,348.432,0.459098
0.001096,40616,298.15,348.432,0.45898
0.001098,40605.6,298.15,348.432,0.458862
0.0011,40595.2,298.15,348.432,0.458745
0.001102,40584.8,298.15,348.432,0.458627
0.001104,40574.4,298.15,348.432,0.45851
0.001106,40564,298.15,348.432,0.458393
0.001108,40553.7,298.15,348.432,0.458276
0.00111,40543.4,298.15,348.432,0.458159
0.001112,40533.1,298.15,348.432,0.458042
0.001114,40522.7,298.15,348.432,0.457926
0.001116,40512.5,298.15,348.432,0.45781
0.001118,40502.2,298.15,348.432,0.457694
0.00112,40491.9,298.15,348.432,0.457578
0.001122,40481.7,298.15,348.432,0.457462
0.001124,40471.5,298.15,348.432,0.457347
0.001126,40461.3,298.15,348.432,0.457231
0.001128,40451.1,298.15,348.432,0.457116
0.00113,40440.9,298.15,348.432,0.457001
0.001132,40430.8,298.15,348.432,0.456887
0.001134,40420.6,298.15,348.432,0.456772
0.001136,40410.5,298.15,348.432,0.456658
0.001138,40400.4,298.15,348.432,0.456543
0.00114,40390.3,298.15,348.432,0.456429
0.001142,40380.2,298.15,348.432,0.456316
0.001144,40370.2,298.15,348.432,0.456202
0.001146,40360.1,298.15,348.432,0.456088
0.001148,40350.1,298.15,348.432,0.455975
0.00115,40340.1,298.15,348.432,0.455862
0.001152,40330.1,298.15,348.432,0.455749
0.001154,40320.2,298.15,348.432,0.455637
0.001156,40310.2,298.15,348.432,0.455524
0.001158,40300.3,298.15,348.432,0.455412
0.00116,40290.4,298.15,348.432,0.4553
0.001162,40280.5,298.15,348.432,0.455188
0.001164,40270.6,298.15,348.432,0.455077
0.001166,40260.8,298.15,348.432,0.454965
0.001168,40250.9,298.15,348.432,0.454854
0.00117,40241.1,298.15,348.432,0.454743
0.001172,40231.3,298.15,348.432,0.454632
0.001174,40221.5,298.15,348.432,0.454522
0.001176,40211.8,298.15,348.432,0.454412
0.001178,40202,298.15,348.432,0.454302
0.00118,40192.3,298.15,348.432,0.454192
0.001182,40182.6,298.15,348.432,0.454082
0.001184,40172.9,298.15,348.432,0.453973
0.001186,40163.3,298.15,348.432,0.453864
0.001188,40153.6,298.15,348.432,0.453755
0.00119,40144,298.15,348.432,0.453646
0.001192,40134.4,298.15,348.432,0.453538
0.001194,40124.8,298.15,348.432,0.453429
0.001196,40115.3,298.15,348.432,0.453322
0.001198,40105.8,298.15,348.432,0.453214
0.0012,40096.3,298.15,348.432,0.453106
0.001202,40086.8,298.15,348.432,0.452999
0.001204,40077.3,298.15,348.432,0.452892
0.001206,40067.9,298.15,348.432,0.452786
0.001208,40058.5,298.15,348.432,0.452679
0.00121,40049.1,298.15,348.432,0.452573
0.001212,40039.7,298.15,348.432,0.452467
0.001214,40030.4,298.15,348.432,0.452362
0.001216,40021,298.15,348.432,0.452256
0.001218,40011.8,298.15,348.432,0.452151
0.00122,40002.5,298.15,348.432,0.452047
0.001222,39993.2,298.15,348.432,0.451942
0.001224,39984,298.15,348.432,0.451838
0.001226,39974.8,298.15,348.432,0.451734
0.001228,39965.6,298.15,348.432,0.45163
0.00123,39956.5,298.15,348.432,0.451527
0.001232,39947.4,298.15,348.432,0.451424
0.001234,39938.3,298.15,348.432,0.451321
0.001236,39929.2,298.15,348.432,0.451219
0.001238,39920.2,298.15,348.432,0.451117
0.00124,39911.2,298.15,348.432,0.451015
0.001242,39902.2,298.15,348.432,0.450913
0.001244,39893.2,298.15,348.432,0.450812
0.001246,39884.3,298.15,348.432,0.450711
0.001248,39875.4,298.15,348.432,0.45061
0.00125,39866.5,298.15,348.432,0.45051
0.001252,39857.6,298.15,348.432,0.45041
0.001254,39848.8,298.15,348.432,0.45031
0.001256,39840,298.15,348.432,0.450211
0.001258,39831.2,298.15,348.432,0.450112
0.00126,39822.5,298.15,348.432,0.450013
0.001262,39813.8,298.15,348.432,0.449914
0.001264,39805.1,298.15,348.432,0.449816
0.001266,39796.4,298.15,348.432,0.449718
0.001268,39787.8,298.15,348.432,0.449621
0.00127,39779.2,298.15,348.432,0.449524
0.001272,39770.6,298.15,348.432,0.449427
0.001274,39762.1,298.15,348.432,0.44933
0.001276,39753.6,298.15,348.432,0.449234
0.001278,39745.1,298.15,348.432,0.449138
0.00128,39736.7,298.15,348.432,0.449043
0.001282,39728.2,298.15,348.432,0.448947
0.001284,39719.8,298.15,348.432,0.448853
0.001286,39711.5,298.15,348.432,0.448758
0.001288,39703.1,298.15,348.432,0.448664
0.00129,39694.8,298.15,348.432,0.44857
0.001292,39686.5,298.15,348.432,0.448476
0.001294,39678.3,298.15,348.432,0.448383
0.001296,39670.1,298.15,348.432,0.44829
0.001298,39661.9,298.15,348.432,0.448198
0.0013,39653.7,298.15,348.432,0.448105
0.001302,39645.6,298.15,348.432,0.448014
0.001304,39637.5,298.15,348.432,0.447922
0.001306,39629.4,298.15,348.432,0.447831
0.001308,39621.4,298.15,348.432,0.44774
0.00131,39613.3,298.15,348.432,0.447649
0.001312,39605.4,298.15,348.432,0.447559
0.001314,39597.4,298.15,348.432,0.447469
0.001316,39589.5,298.15,348.432,0.44738
0.001318,39581.6,298.15,348.432,0.44729
0.00132,39573.7,298.15,348.432,0.447201
0.001322,39565.9,298.15,348.432,0.447113
0.001324,39558.1,298.15,348.432,0.447025
0.001326,39550.3,298.15,348.432,0.446937
0.001328,39542.5,298.15,348.432,0.446849
0.00133,39534.8,298.15,348.432,0.446762
0.001332,39527.1,298.15,348.432,0.446675
0.001334,39519.4,298.15,348.432,0.446588
0.001336,39511.8,298.15,348.432,0.446502
0.001338,39504.2,298.15,348.432,0.446416
0.00134,39496.6,298.15,348.432,0.44633
0.001342,39489.1,298.15,348.432,0.446245
0.001344,39481.5,298.15,348.432,0.44616
0.001346,39474,298.15,348.432,0.446075
0.001348,39466.6,298.15,348.432,0.445991
0.00135,39459.1,298.15,348.432,0.445907
0.001352,39451.7,298.15,348.432,0.445823
0.001354,39444.3,298.15,348.432,0.445739
0.001356,39437,298.15,348.432,0.445656
0.001358,39429.6,298.15,348.432,0.445573
0.00136,39422.3,298.15,348.432,0.445491
0.001362,39415.1,298.15,348.432,0.445409
0.001364,39407.8,298.15,348.432,0.445327
0.001366,39400.6,298.15,348.432,0.445245
0.001368,39393.4,298.15,348.432,0.445164
0.00137,39386.2,298.15,348.432,0.445083
0.001372,39379.1,298.15,348.432,0.445002
0.001374,39371.9,298.15,348.432,0.444921
0.001376,39364.8,298.15,348.432,0.444841
0.001378,39357.8,298.15,348.432,0.444761
0.00138,39350.7,298.15,348.432,0.444682
0.001382,39343.7,298.15,348.432,0.444602
0.001384,39336.7,298.15,348.432,0.444523
0.001386,39329.7,298.15,348.432,0.444444
0.001388,39322.8,298.15,348.432,0.444366
0.00139,39315.9,298.15,348.432,0.444288
0.001392,39309,298.15,348.432,0.44421
0.001394,39302.1,298.15,348.432,0.444132
0.001396,39295.3,298.15,348.432,0.444055
0.001398,39288.4,298.15,348.432,0.443978
0.0014,39281.6,298.15,348.432,0.443901
0.001402,39274.8,298.15,348.432,0.443824
0.001404,39268.1,298.15,348.432,0.443748
0.001406,39261.4,298.15,348.432,0.443672
0.001408,39254.6,298.15,348.432,0.443596
0.00141,39248,298.15,348.432,0.44352
0.001412,39241.3,298.15,348.432,0.443445
0.001414,39234.6,298.15,348.432,0.44337
0.001416,39228,298.15,348.432,0.443295
0.001418,39221.4,298.15,348.432,0.44322
0.00142,39214.8,298.15,348.432,0.443146
0.001422,39208.3,298.15,348.432,0.443072
0.001424,39201.8,298.15,348.432,0.442998
0.001426,39195.2,298.15,348.432,0.442924
0.001428,39188.7,298.15,348.432,0.442851
0.00143,39182.3,298.15,348.432,0.442778
0.001432,39175.8,298.15,348.432,0.442705
0.001434,39169.4,298.15,348.432,0.442632
0.001436,39163,298.15,348.432,0.44256
0.001438,39156.6,298.15,348.432,0.442488
0.00144,39150.2,298.15,348.432,0.442416
0.001442,39143.8,298.15,348.432,0.442344
0.001444,39137.5,298.15,348.432,0.442272
0.001446,39131.2,298.15,348.432,0.442201
0.001448,39124.9,298.15,348.432,0.44213
0.00145,39118.6,298.15,348.432,0.442059
0.001452,39112.4,298.15,348.432,0.441988
0.001454,39106.1,298.15,348.432,0.441917
0.001456,39099.9,298.15,348.432,0.441847
0.001458,39093.7,298.15,348.432,0.441777
0.00146,39087.5,298.15,348.432,0.441707
0.001462,39081.3,298.15,348.432,0.441637
0.001464,39075.2,298.15,348.432,0.441568
0.001466,39069.1,298.15,348.432,0.441499
0.001468,39062.9,298.15,348.432,0.441429
0.00147,39056.8,298.15,348.432,0.441361
0.001472,39050.8,298.15,348.432,0.441292
0.001474,39044.7,298.15,348.432,0.441223
0.001476,39038.7,298.15,348.432,0.441155
0.001478,39032.6,298.15,348.432,0.441087
0.00148,39026.6,298.15,348.432,0.441019
0.001482,39020.6,298.15,348.432,0.440951
0.001484,39014.6,298.15,348.432,0.440883
0.001486,39008.7,298.15,348.432,0.440816
0.001488,39002.7,298.15,348.432,0.440749
0.00149,38996.8,298.15,348.432,0.440682
0.001492,38990.9,298.15,348.432,0.440615
0.001494,38985,298.15,348.432,0.440548
0.001496,38979.1,298.15,348.432,0.440482
0.001498,38973.2,298.15,348.432,0.440415
0.0015,38967.4,298.15,348.432,0.440349
0.001502,38961.5,298.15,348.432,0.440283
0.001504,38955.7,298.15,348.432,0.440217
0.001506,38949.9,298.15,348.432,0.440152
0.001508,38944.1,298.15,348.432,0.440086
0.00151,38938.3,298.15,348.432,0.440021
0.001512,38932.5,298.15,348.432,0.439956
0.001514,38926.8,298.15,348.432,0.439891
0.001516,38921,298.15,348.432,0.439826
0.001518,38915.3,298.15,348.432,0.439761
0.00152,38909.6,298.15,348.432,0.439697
0.001522,38903.9,298.15,348.432,0.439632
0.001524,38898.2,298.15,348.432,0.439568
0.001526,38892.6,298.15,348.432,0.439504
0.001528,38886.9,298.15,348.432,0.43944
0.00153,38881.3,298.15,348.432,0.439377
0.001532,38875.7,298.15,348.432,0.439313
0.001534,38870.1,298.15,348.432,0.43925
0.001536,38864.5,298.15,348.432,0.439187
0.001538,38858.9,298.15,348.432,0.439123
0.00154,38853.3,298.15,348.432,0.439061
0.001542,38847.8,298.15,348.432,0.438998
0.001544,38842.2,298.15,348.432,0.438935
0.001546,38836.7,298.15,348.432,0.438873
0.001548,38831.2,298.15,348.432,0.43881
0.00155,38825.7,298.15,348.432,0.438748
0.001552,38820.2,298.15,348.432,0.438686
0.001554,38814.7,298.15,348.432,0.438624
0.001556,38809.2,298.15,348.432,0.438563
0.001558,38803.8,298.15,348.432,0.438501
0.00156,38798.4,298.15,348.432,0.43844
0.001562,38792.9,298.15,348.432,0.438378
0.001564,38787.5,298.15,348.432,0.438317
0.001566,38782.1,298.15,348.432,0.438256
0.001568,38776.8,298.15,348.432,0.438195
0.00157,38771.4,298.15,348.432,0.438135
0.001572,38766,298.15,348.432,0.438074
0.001574,38760.7,298.15,348.432,0.438014
0.001576,38755.3,298.15,348.432,0.437954
0.001578,38750,298.15,348.432,0.437893
0.00158,38744.7,298.15,348.432,0.437833
0.001582,38739.4,298.15,348.432,0.437774
0.001584,38734.2,298.15,348.432,0.437714
0.001586,38728.9,298.15,348.432,0.437654
0.001588,38723.6,298.15,348.432,0.437595
0.00159,38718.4,298.15,348.432,0.437536
0.001592,38713.2,298.15,348.432,0.437477
0.001594,38707.9,298.15,348.432,0.437418
0.001596,38702.7,298.15,348.432,0.437359
0.001598,38697.5,298.15,348.432,0.4373
0.0016,38692.4,298.15,348.432,0.437242
0.001602,38687.2,298.15,348.432,0.437183
0.001604,38682,298.15,348.432,0.437125
0.001606,38676.9,298.15,348.432,0.437067
0.001608,38671.8,298.15,348.432,0.437009
0.00161,38666.6,298.15,348.432,0.436951
0.001612,38661.5,298.15,348.432,0.436893
0.001614,38656.5,298.15,348.432,0.436836
0.001616,38651.4,298.15,348.432,0.436779
0.001618,38646.3,298.15,348.432,0.436721
0.00162,38641.2,298.15,348.432,0.436664
0.001622,38636.2,298.15,348.432,0.436607
0.001624,38631.2,298.15,348.432,0.43655
0.001626,38626.2,298.15,348.432,0.436494
0.001628,38621.2,298.15,348.432,0.436437
0.00163,38616.2,298.15,348.432,0.436381
0.001632,38611.2,298.15,348.432,0.436324
0.001634,38606.2,298.15,348.432,0.436268
0.001636,38601.2,298.15,348.432,0.436212
0.001638,38596.3,298.15,348.432,0.436156
0.00164,38591.4,298.15,348.432,0.4361
0.001642,38586.4,298.15,348.432,0.436045
0.001644,38581.5,298.15,348.432,0.435989
0.001646,38576.6,298.15,348.432,0.435934
0.001648,38571.8,298.15,348.432,0.435879
0.00165,38566.9,298.15,348.432,0.435824
0.001652,38562,298.15,348.432,0.435769
0.001654,38557.2,298.15,348.432,0.435714
0.001656,38552.3,298.15,348.432,0.435659
0.001658,38547.5,298.15,348.432,0.435605
0.00166,38542.7,298.15,348.432,0.43555
0.001662,38537.9,298.15,348.432,0.435496
0.001664,38533.1,298.15,348.432,0.435442
0.001666,38528.3,298.15,348.432,0.435388
0.001668,38523.6,298.15,348.432,0.435334
0.00167,38518.8,298.15,348.432,0.43528
0.001672,38514.1,298.15,348.432,0.435227
0.001674,38509.3,298.15,348.432,0.435173
0.001676,38504.6,298.15,348.432,0.43512
0.001678,38499.9,298.15,348.432,0.435067
0.00168,38495.2,298.15,348.432,0.435014
0.001682,38490.5,298.15,348.432,0.434961
0.001684,38485.8,298.15,348.432,0.434908
0.001686,38481.2,298.15,348.432,0.434855
0.001688,38476.5,298.15,348.432,0.434803
0.00169,38471.9,298.15,348.432,0.43475
0.001692,38467.2,298.15,348.432,0.434698
0.001694,38462.6,298.15,348.432,0.434646
0.001696,38458,298.15,348.432,0.434593
0.001698,38453.4,298.15,348.432,0.434542
0.0017,38448.8,298.15,348.432,0.43449
0.001702,38444.2,298.15,348.432,0.434438
0.001704,38439.7,298.15,348.432,0.434386
0.001706,38435.1,298.15,348.432,0.434335
0.001708,38430.6,298.15,348.432,0.434283
0.00171,38426,298.15,348.432,0.434232
0.001712,38421.5,298.15,348.432,0.434181
0.001714,38417,298.15,348.432,0.43413
0.001716,38412.5,298.15,348.432,0.434079
0.001718,38408,298.15,348.432,0.434028
0.00172,38403.5,298.15,348.432,0.433978
0.001722,38399.1,298.15,348.432,0.433927
0.001724,38394.6,298.15,348.432,0.433877
0.001726,38390.1,298.15,348.432,0.433826
0.001728,38385.7,298.15,348.432,0.433776
0.00173,38381.3,298.15,348.432,0.433726
0.001732,38376.8,298.15,348.432,0.433676
0.001734,38372.4,298.15,348.432,0.433626
0.001736,38368,298.15,348.432,0.433576
0.001738,38363.6,298.15,348.432,0.433527
0.00174,38359.2,298.15,348.432,0.433477
0.001742,38354.9,298.15,348.432,0.433428
0.001744,38350.5,298.15,348.432,0.433378
0.001746,38346.1,298.15,348.432,0.433329
0.001748,38341.8,298.15,348.432,0.43328
0.00175,38337.5,298.15,348.432,0.433231
0.001752,38333.1,298.15,348.432,0.433182
0.001754,38328.8,298.15,348.432,0.433133
0.001756,38324.5,298.15,348.432,0.433085
0.001758,38320.2,298.15,348.432,0.433036
0.00176,38315.9,298.15,348.432,0.432987
0.001762,38311.6,298.15,348.432,0.432939
0.001764,38307.3,298.15,348.432,0.432891
0.001766,38303.1,298.15,348.432,0.432842
0.001768,38298.8,298.15,348.432,0.432794
0.00177,38294.6,298.15,348.432,0.432746
0.001772,38290.3,298.15,348.432,0.432698
0.001774,38286.1,298.15,348.432,0.432651
0.001776,38281.9,298.15,348.432,0.432603
0.001778,38277.6,298.15,348.432,0.432555
0.00178,38273.4,298.15,348.432,0.432508
0.001782,38269.2,298.15,348.432,0.43246
0.001784,38265,298.15,348.432,0.432413
0.001786,38260.8,298.15,348.432,0.432365
0.001788,38256.7,298.15,348.432,0.432318
0.00179,38252.5,298.15,348.432,0.432271
0.001792,38248.3,298.15,348.432,0.432224
0.001794,38244.2,298.15,348.432,0.432177
0.001796,38240,298.15,348.432,0.43213
0.001798,38235.9,298.15,348.432,0.432083
0.0018,38231.8,298.15,348.432,0.432037
0.001802,38227.6,298.15,348.432,0.43199
0.001804,38223.5,298.15,348.432,0.431944
0.001806,38219.4,298.15,348.432,0.431897
0.001808,38215.3,298.15,348.432,0.431851
0.00181,38211.2,298.15,348.432,0.431805
0.001812,38207.1,298.15,348.432,0.431758
0.001814,38203.1,298.15,348.432,0.431712
0.001816,38199,298.15,348.432,0.431666
0.001818,38194.9,298.15,348.432,0.43162
0.00182,38190.9,298.15,348.432,0.431574
0.001822,38186.8,298.15,348.432,0.431529
0.001824,38182.8,298.15,348.432,0.431483
0.001826,38178.7,298.15,348.432,0.431437
0.001828,38174.7,298.15,348.432,0.431392
0.00183,38170.7,298.15,348.432,0.431346
0.001832,38166.7,298.15,348.432,0.431301
0.001834,38162.6,298.15,348.432,0.431256
0.001836,38158.6,298.15,348.432,0.43121
0.001838,38154.6,298.15,348.432,0.431165
0.00184,38150.7,298.15,348.432,0.43112
0.001842,38146.7,298.15,348.432,0.431075
0.001844,38142.7,298.15,348.432,0.43103
0.001846,38138.7,298.15,348.432,0.430985
0.001848,38134.8,298.15,348.432,0.430941
0.00185,38130.8,298.15,348.432,0.430896
0.001852,38126.9,298.15,348.432,0.430851
0.001854,38122.9,298.15,348.432,0.430807
0.001856,38119,298.15,348.432,0.430762
0.001858,38115,298.15,348.432,0.430718
0.00186,38111.1,298.15,348.432,0.430673
0.001862,38107.2,298.15,348.432,0.430629
0.001864,38103.3,298.15,348.432,0.430585
0.001866,38099.4,298.15,348.432,0.430541
0.001868,38095.5,298.15,348.432,0.430497
0.00187,38091.6,298.15,348.432,0.430453
0.001872,38087.7,298.15,348.432,0.430409
0.001874,38083.8,298.15,348.432,0.430365
0.001876,38080,298.15,348.432,0.430321
0.001878,38076.1,298.15,348.432,0.430278
0.00188,38072.2,298.15,348.432,0.430234
0.001882,38068.4,298.15,348.432,0.43019
0.001884,38064.5,298.15,348.432,0.430147
0.001886,38060.7,298.15,348.432,0.430104
0.001888,38056.9,298.15,348.432,0.43006
0.00189,38053,298.15,348.432,0.430017
0.001892,38049.2,298.15,348.432,0.429974
0.001894,38045.4,298.15,348.432,0.429931
0.001896,38041.6,298.15,348.432,0.429888
0.001898,38037.8,298.15,348.432,0.429845
0.0019,38034,298.15,348.432,0.429802
0.001902,38030.2,298.15,348.432,0.429759
0.001904,38026.4,298.15,348.432,0.429716
0.001906,38022.6,298.15,348.432,0.429674
0.001908,38018.9,298.15,348.432,0.429631
0.00191,38015.1,298.15,348.432,0.429588
0.001912,38011.3,298.15,348.432,0.429546
0.001914,38007.6,298.15,348.432,0.429504
0.001916,38003.9,298.15,348.432,0.429461
0.001918,38000.1,298.15,348.432,0.429419
0.00192,37996.4,298.15,348.432,0.429377
0.001922,37992.7,298.15,348.432,0.429335
0.001924,37988.9,298.15,348.432,0.429293
0.001926,37985.2,298.15,348.432,0.429251
0.001928,37981.5,298.15,348.432,0.429209
0.00193,37977.8,298.15,348.432,0.429167
0.001932,37974.1,298.15,348.432,0.429126
0.001934,37970.5,298.15,348.432,0.429084
0.001936,37966.8,298.15,348.432,0.429042
0.001938,37963.1,298.15,348.432,0.429001
0.00194,37959.5,298.15,348.432,0.42896
0.001942,37955.8,298.15,348.432,0.428918
0.001944,37952.2,298.15,348.432,0.428877
0.001946,37948.5,298.15,348.432,0.428836
0.001948,37944.9,298.15,348.432,0.428795
0.00195,37941.2,298.15,348.432,0.428754
0.001952,37937.6,298.15,348.432,0.428713
0.001954,37934,298.15,348.432,0.428672
0.001956,37930.4,298.15,348.432,0.428631
0.001958,37926.8,298.15,348.432,0.428591
0.00196,37923.2,298.15,348.432,0.42855
0.001962,37919.6,298.15,348.432,0.428509
0.001964,37916,298.15,348.432,0.428469
0.001966,37912.5,298.15,348.432,0.428429
0.001968,37908.9,298.15,348.432,0.428388
0.00197,37905.3,298.15,348.432,0.428348
0.001972,37901.8,298.15,348.432,0.428308
0.001974,37898.3,298.15,348.432,0.428268
0.001976,37894.7,298.15,348.432,0.428228
0.001978,37891.2,298.15,348.432,0.428188
0.00198,37887.7,298.15,348.432,0.428148
0.001982,37884.2,298.15,348.432,0.428109
0.001984,37880.6,298.15,348.432,0.428069
0.001986,37877.1,298.15,348.432,0.428029
0.001988,37873.7,298.15,348.432,0.42799
0.00199,37870.2,298.15,348.432,0.427951
0.001992,37866.7,298.15,348.432,0.427911
0.001994,37863.2,298.15,348.432,0.427872
0.001996,37859.8,298.15,348.432,0.427833
0.001998,37856.3,298.15,348.432,0.427794
0.002,37852.9,298.15,348.432,0.427755
0.002002,37849.4,298.15,348.432,0.427716
0.002004,37846,298.15,348.432,0.427677
0.002006,37842.5,298.15,348.432,0.427638
0.002008,37839.1,298.15,348.432,0.4276
0.00201,37835.7,298.15,348.432,0.427561
0.002012,37832.3,298.15,348.432,0.427523
0.002014,37828.9,298.15,348.432,0.427484
0.002016,37825.5,298.15,348.432,0.427446
0.002018,37822.1,298.15,348.432,0.427408
0.00202,37818.8,298.15,348.432,0.42737
0.002022,37815.4,298.15,348.432,0.427332
0.002024,37812,298.15,348.432,0.427294
0.002026,37808.7,298.15,348.432,0.427256
0.002028,37805.3,298.15,348.432,0.427218
0.00203,37802,298.15,348.432,0.42718
0.002032,37798.7,298.15,348.432,0.427143
0.002034,37795.4,298.15,348.432,0.427105
0.002036,37792,298.15,348.432,0.427068
0.002038,37788.7,298.15,348.432,0.42703
0.00204,37785.4,298.15,348.432,0.426993
0.002042,37782.1,298.15,348.432,0.426956
0.002044,37778.8,298.15,348.432,0.426919
0.002046,37775.6,298.15,348.432,0.426881
0.002048,37772.3,298.15,348.432,0.426845
0.00205,37769,298.15,348.432,0.426808
0.002052,37765.8,298.15,348.432,0.426771
0.002054,37762.5,298.15,348.432,0.426734
0.002056,37759.3,298.15,348.432,0.426697
0.002058,37756,298.15,348.432,0.426661
0.00206,37752.8,298.15,348.432,0.426624
0.002062,37749.6,298.15,348.432,0.426588
0.002064,37746.4,298.15,348.432,0.426552
0.002066,37743.2,298.15,348.432,0.426515
0.002068,37740,298.15,348.432,0.426479
0.00207,37736.8,298.15,348.432,0.426443
0.002072,37733.6,298.15,348.432,0.426407
0.002074,37730.4,298.15,348.432,0.426371
0.002076,37727.2,298.15,348.432,0.426335
0.002078,37724.1,298.15,348.432,0.4263
0.00208,37720.9,298.15,348.432,0.426264
0.002082,37717.8,298.15,348.432,0.426228
0.002084,37714.6,298.15,348.432,0.426193
0.002086,37711.5,298.15,348.432,0.426157
0.002088,37708.4,298.15,348.432,0.426122
0.00209,37705.2,298.15,348.432,0.426087
0.002092,37702.1,298.15,348.432,0.426051
0.002094,37699,298.15,348.432,0.426016
0.002096,37695.9,298.15,348.432,0.425981
0.002098,37692.8,298.15,348.432,0.425946
0.0021,37689.7,298.15,348.432,0.425911
0.002102,37686.6,298.15,348.432,0.425876
0.002104,37683.5,298.15,348.432,0.425842
0.002106,37680.5,298.15,348.432,0.425807
0.002108,37677.4,298.15,348.432,0.425772
0.00211,37674.4,298.15,348.432,0.425738
0.002112,37671.3,298.15,348.432,0.425703
0.002114,37668.3,298.15,348.432,0.425669
0.002116,37665.2,298.15,348.432,0.425635
0.002118,37662.2,298.15,348.432,0.4256
0.00212,37659.2,298.15,348.432,0.425566
0.002122,37656.1,298.15,348.432,0.425532
0.002124,37653.1,298.15,348.432,0.425498
0.002126,37650.1,298.15,348.432,0.425464
0.002128,37647.1,298.15,348.432,0.42543
0.00213,37644.1,298.15,348.432,0.425396
0.002132,37641.1,298.15,348.432,0.425362
0.002134,37638.2,298.15,348.432,0.425329
0.002136,37635.2,298.15,348.432,0.425295
0.002138,37632.2,298.15,348.432,0.425261
0.00214,37629.2,298.15,348.432,0.425228
0.002142,37626.3,298.15,348.432,0.425194
0.002144,37623.3,298.15,348.432,0.425161
0.002146,37620.4,298.15,348.432,0.425128
0.002148,37617.4,298.15,348.432,0.425095
0.00215,37614.5,298.15,348.432,0.425061
0.002152,37611.6,298.15,348.432,0.425028
0.002154,37608.6,298.15,348.432,0.424995
0.002156,37605.7,298.15,348.432,0.424962
0.002158,37602.8,298.15,348.432,0.424929
0.00216,37599.9,298.15,348.432,0.424896
0.002162,37597,298.15,348.432,0.424864
0.002164,37594.1,298.15,348.432,0.424831
0.002166,37591.2,298.15,348.432,0.424798
0.002168,37588.3,298.15,348.432,0.424766
0.00217,37585.4,298.15,348.432,0.424733
0.002172,37582.6,298.15,348.432,0.4247
0.002174,37579.7,298.15,348.432,0.424668
0.002176,37576.8,298.15,348.432,0.424636
0.002178,37574,298.15,348.432,0.424603
0.00218,37571.1,298.15,348.432,0.424571
0.002182,37568.3,298.15,348.432,0.424539
0.002184,37565.4,298.15,348.432,0.424507
0.002186,37562.6,298.15,348.432,0.424475
0.002188,37559.7,298.15,348.432,0.424443
0.00219,37556.9,298.15,348.432,0.424411
0.002192,37554.1,298.15,348.432,0.424379
0.002194,37551.3,298.15,348.432,0.424347
0.002196,37548.4,298.15,348.432,0.424315
0.002198,37545.6,298.15,348.432,0.424283
0.0022,37542.8,298.15,348.432,0.424251
0.002202,37540,298.15,348.432,0.42422
0.002204,37537.2,298.15,348.432,0.424188
0.002206,37534.4,298.15,348.432,0.424157
0.002208,37531.7,298.15,348.432,0.424125
0.00221,37528.9,298.15,348.432,0.424094
0.002212,37526.1,298.15,348.432,0.424062
0.002214,37523.3,298.15,348.432,0.424031
0.002216,37520.6,298.15,348.432,0.424
0.002218,37517.8,298.15,348.432,0.423969
0.00222,37515,298.15,348.432,0.423937
0.002222,37512.3,298.15,348.432,0.423906
0.002224,37509.5,298.15,348.432,0.423875
0.002226,37506.8,298.15,348.432,0.423844
0.002228,37504.1,298.15,348.432,0.423813
0.00223,37501.3,298.15,348.432,0.423782
0.002232,37498.6,298.15,348.432,0.423751
0.002234,37495.9,298.15,348.432,0.423721
0.002236,37493.1,298.15,348.432,0.42369
0.002238,37490.4,298.15,348.432,0.423659
0.00224,37487.7,298.15,348.432,0.423629
0.002242,37485,298.15,348.432,0.423598
0.002244,37482.3,298.15,348.432,0.423567
0.002246,37479.6,298.15,348.432,0.423537
0.002248,37476.9,298.15,348.432,0.423506
0.00225,37474.2,298.15,348.432,0.423476
0.002252,37471.5,298.15,348.432,0.423446
0.002254,37468.8,298.15,348.432,0.423415
0.002256,37466.2,298.15,348.432,0.423385
0.002258,37463.5,298.15,348.432,0.423355
0.00226,37460.8,298.15,348.432,0.423325
0.002262,37458.2,298.15,348.432,0.423295
0.002264,37455.5,298.15,348.432,0.423264
0.002266,37452.8,298.15,348.432,0.423234
0.002268,37450.2,298.15,348.432,0.423205
0.00227,37447.5,298.15,348.432,0.423175
0.002272,37444.9,298.15,348.432,0.423145
0.002274,37442.2,298.15,348.432,0.423115
0.002276,37439.6,298.15,348.432,0.423085
0.002278,37437,298.15,348.432,0.423055
0.00228,37434.4,298.15,348.432,0.423026
0.002282,37431.7,298.15,348.432,0.422996
0.002284,37429.1,298.15,348.432,0.422966
0.002286,37426.5,298.15,348.432,0.422937
0.002288,37423.9,298.15,348.432,0.422907
0.00229,37421.3,298.15,348.432,0.422878
0.002292,37418.7,298.15,348.432,0.422849
0.002294,37416.1,298.15,348.432,0.422819
0.002296,37413.5,298.15,348.432,0.42279
0.002298,37410.9,298.15,348.432,0.422761
0.0023,37408.3,298.15,348.432,0.422732
0.002302,37405.7,298.15,348.432,0.422702
0.002304,37403.2,298.15,348.432,0.422673
0.002306,37400.6,298.15,348.432,0.422644
0.002308,37398,298.15,348.432,0.422615
0.00231,37395.5,298.15,348.432,0.422586
0.002312,37392.9,298.15,348.432,0.422557
0.002314,37390.4,298.15,348.432,0.422528
0.002316,37387.8,298.15,348.432,0.4225
0.002318,37385.3,298.15,348.432,0.422471
0.00232,37382.7,298.15,348.432,0.422442
0.002322,37380.2,298.15,348.432,0.422413
0.002324,37377.6,298.15,348.432,0.422385
0.002326,37375.1,298.15,348.432,0.422356
0.002328,37372.6,298.15,348.432,0.422328
0.00233,37370.1,298.15,348.432,0.422299
0.002332,37367.6,298.15,348.432,0.422271
0.002334,37365,298.15,348.432,0.422242
0.002336,37362.5,298.15,348.432,0.422214
0.002338,37360,298.15,348.432,0.422186
0.00234,37357.5,298.15,348.432,0.422157
0.002342,37355,298.15,348.432,0.422129
0.002344,37352.5,298.15,348.432,0.422101
0.002346,37350.1,298.15,348.432,0.422073
0.002348,37347.6,298.15,348.432,0.422045
0.00235,37345.1,298.15,348.432,0.422017
0.002352,37342.6,298.15,348.432,0.421989
0.002354,37340.1,298.15,348.432,0.421961
0.002356,37337.7,298.15,348.432,0.421933
0.002358,37335.2,298.15,348.432,0.421905
0.00236,37332.8,298.15,348.432,0.421878
0.002362,37330.3,298.15,348.432,0.42185
0.002364,37327.9,298.15,348.432,0.421822
0.002366,37325.4,298.15,348.432,0.421795
0.002368,37323,298.15,348.432,0.421767
0.00237,37320.5,298.15,348.432,0.421739
0.002372,37318.1,298.15,348.432,0.421712
0.002374,37315.7,298.15,348.432,0.421685
0.002376,37313.3,298.15,348.432,0.421657
0.002378,37310.8,298.15,348.432,0.42163
0.00238,37308.4,298.15,348.432,0.421603
0.002382,37306,298.15,348.432,0.421575
0.002384,37303.6,298.15,348.432,0.421548
0.002386,37301.2,298.15,348.432,0.421521
0.002388,37298.8,298.15,348.432,0.421494
0.00239,37296.4,298.15,348.432,0.421467
0.002392,37294,298.15,348.432,0.42144
0.002394,37291.6,298.15,348.432,0.421413
0.002396,37289.2,298.15,348.432,0.421386
0.002398,37286.9,298.15,348.432,0.421359
0.0024,37284.5,298.15,348.432,0.421332
0.002402,37282.1,298.15,348.432,0.421305
0.002404,37279.8,298.15,348.432,0.421279
0.002406,37277.4,298.15,348.432,0.421252
0.002408,37275,298.15,348.432,0.421225
0.00241,37272.7,298.15,348.432,0.421199
0.002412,37270.3,298.15,348.432,0.421172
0.002414,37268,298.15,348.432,0.421146
0.002416,37265.7,298.15,348.432,0.421119
0.002418,37263.3,298.15,348.432,0.421093
0.00242,37261,298.15,348.432,0.421066
0.002422,37258.7,298.15,348.432,0.42104
0.002424,37256.3,298.15,348.432,0.421014
0.002426,37254,298.15,348.432,0.420988
0.002428,37251.7,298.15,348.432,0.420961
0.00243,37249.4,298.15,348.432,0.420935
0.002432,37247.1,298.15,348.432,0.420909
0.002434,37244.8,298.15,348.432,0.420883
0.002436,37242.5,298.15,348.432,0.420857
0.002438,37240.2,298.15,348.432,0.420831
0.00244,37237.9,298.15,348.432,0.420805
0.002442,37235.6,298.15,348.432,0.420779
0.002444,37233.3,298.15,348.432,0.420754
0.002446,37231,298.15,348.432,0.420728
0.002448,37228.7,298.15,348.432,0.420702
0.00245,37226.5,298.15,348.432,0.420676
0.002452,37224.2,298.15,348.432,0.420651
0.002454,37221.9,298.15,348.432,0.420625
0.002456,37219.7,298.15,348.432,0.420599
0.002458,37217.4,298.15,348.432,0.420574
0.00246,37215.1,298.15,348.432,0.420548
0.002462,37212.9,298.15,348.432,0.420523
0.002464,37210.6,298.15,348.432,0.420498
0.002466,37208.4,298.15,348.432,0.420472
0.002468,37206.2,298.15,348.432,0.420447
0.00247,37203.9,298.15,348.432,0.420422
0.002472,37201.7,298.15,348.432,0.420396
0.002474,37199.5,298.15,348.432,0.420371
0.002476,37197.2,298.15,348.432,0.420346
0.002478,37195,298.15,348.432,0.420321
0.00248,37192.8,298.15,348.432,0.420296
0.002482,37190.6,298.15,348.432,0.420271
0.002484,37188.4,298.15,348.432,0.420246
0.002486,37186.2,298.15,348.432,0.420221
0.002488,37184,298.15,348.432,0.420196
0.00249,37181.7,298.15,348.432,0.420171
0.002492,37179.6,298.15,348.432,0.420146
0.002494,37177.4,298.15,348.432,0.420121
0.002496,37175.2,298.15,348.432,0.420097
0.002498,37173,298.15,348.432,0.420072
0.0025,37170.8,298.15,348.432,0.420047
0.002502,37168.6,298.15,348.432,0.420023
0.002504,37166.4,298.15,348.432,0.419998
0.002506,37164.3,298.15,348.432,0.419974
0.002508,37162.1,298.15,348.432,0.419949
0.00251,37159.9,298.15,348.432,0.419924
0.002512,37157.8,298.15,348.432,0.4199
0.002514,37155.6,298.15,348.432,0.419876
0.002516,37153.4,298.15,348.432,0.419851
0.002518,37151.3,298.15,348.432,0.419827
0.00252,37149.1,298.15,348.432,0.419803
0.002522,37147,298.15,348.432,0.419778
0.002524,37144.8,298.15,348.432,0.419754
0.002526,37142.7,298.15,348.432,0.41973
0.002528,37140.6,298.15,348.432,0.419706
0.00253,37138.4,298.15,348.432,0.419682
0.002532,37136.3,298.15,348.432,0.419658
0.002534,37134.2,298.15,348.432,0.419633
0.002536,37132,298.15,348.432,0.419609
0.002538,37129.9,298.15,348.432,0.419585
0.00254,37127.8,298.15,348.432,0.419562
0.002542,37125.7,298.15,348.432,0.419538
0.002544,37123.6,298.15,348.432,0.419514
0.002546,37121.5,298.15,348.432,0.41949
0.002548,37119.4,298.15,348.432,0.419466
0.00255,37117.3,298.15,348.432,0.419442
0.002552,37115.2,298.15,348.432,0.419419
0.002554,37113.1,298.15,348.432,0.419395
0.002556,37111,298.15,348.432,0.419371
0.002558,37108.9,298.15,348.432,0.419348
0.00256,37106.8,298.15,348.432,0.419324
0.002562,37104.7,298.15,348.432,0.4193
0.002564,37102.6,298.15,348.432,0.419277
0.002566,37100.5,298.15,348.432,0.419253
0.002568,37098.5,298.15,348.432,0.41923
0.00257,37096.4,298.15,348.432,0.419206
0.002572,37094.3,298.15,348.432,0.419183
0.002574,37092.2,298.15,348.432,0.41916
0.002576,37090.2,298.15,348.432,0.419136
0.002578,37088.1,298.15,348.432,0.419113
0.00258,37086.1,298.15,348.432,0.41909
0.002582,37084,298.15,348.432,0.419066
0.002584,37081.9,298.15,348.432,0.419043
0.002586,37079.9,298.15,348.432,0.41902
0.002588,37077.8,298.15,348.432,0.418997
0.00259,37075.8,298.15,348.432,0.418974
0.002592,37073.8,298.15,348.432,0.418951
0.002594,37071.7,298.15,348.432,0.418928
0.002596,37069.7,298.15,348.432,0.418905
0.002598,37067.6,298.15,348.432,0.418882
0.0026,37065.6,298.15,348.432,0.418859
0.002602,37063.6,298.15,348.432,0.418836
0.002604,37061.6,298.15,348.432,0.418813
0.002606,37059.5,298.15,348.432,0.41879
0.002608,37057.5,298.15,348.432,0.418767
0.00261,37055.5,298.15,348.432,0.418744
0.002612,37053.5,298.15,348.432,0.418722
0.002614,37051.5,298.15,348.432,0.418699
0.002616,37049.5,298.15,348.432,0.418676
0.002618,37047.5,298.15,348.432,0.418654
0.00262,37045.5,298.15,348.432,0.418631
0.002622,37043.5,298.15,348.432,0.418608
0.002624,37041.5,298.15,348.432,0.418586
0.002626,37039.5,298.15,348.432,0.418563
0.002628,37037.5,298.15,348.432,0.418541
0.00263,37035.5,298.15,348.432,0.418518
0.002632,37033.5,298.15,348.432,0.418496
0.002634,37031.5,298.15,348.432,0.418473
0.002636,37029.5,298.15,348.432,0.418451
0.002638,37027.6,298.15,348.432,0.418429
0.00264,37025.6,298.15,348.432,0.418406
0.002642,37023.6,298.15,348.432,0.418384
0.002644,37021.6,298.15,348.432,0.418362
0.002646,37019.7,298.15,348.432,0.41834
0.002648,37017.7,298.15,348.432,0.418317
0.00265,37015.8,298.15,348.432,0.418295
0.002652,37013.8,298.15,348.432,0.418273
0.002654,37011.8,298.15,348.432,0.418251
0.002656,37009.9,298.15,348.432,0.418229
0.002658,37007.9,298.15,348.432,0.418207
0.00266,37006,298.15,348.432,0.418185
0.002662,37004,298.15,348.432,0.418163
0.002664,37002.1,298.15,348.432,0.418141
0.002666,37000.2,298.15,348.432,0.418119
0.002668,36998.2,298.15,348.432,0.418097
0.00267,36996.3,298.15,348.432,0.418075
0.002672,36994.4,298.15,348.432,0.418054
0.002674,36992.4,298.15,348.432,0.418032
0.002676,36990.5,298.15,348.432,0.41801
0.002678,36988.6,298.15,348.432,0.417988
0.00268,36986.7,298.15,348.432,0.417967
0.002682,36984.8,298.15,348.432,0.417945
0.002684,36982.9,298.15,348.432,0.417923
0.002686,36980.9,298.15,348.432,0.417902
0.002688,36979,298.15,348.432,0.41788
0.00269,36977.1,298.15,348.432,0.417859
0.002692,36975.2,298.15,348.432,0.417837
0.002694,36973.3,298.15,348.432,0.417816
0.002696,36971.4,298.15,348.432,0.417794
0.002698,36969.5,298.15,348.432,0.417773
0.0027,36967.7,298.15,348.432,0.417752
0.002702,36965.8,298.15,348.432,0.41773
0.002704,36963.9,298.15,348.432,0.417709
0.002706,36962,298.15,348.432,0.417688
0.002708,36960.1,298.15,348.432,0.417667
0.00271,36958.2,298.15,348.432,0.417645
0.002712,36956.4,298.15,348.432,0.417624
0.002714,36954.5,298.15,348.432,0.417603
0.002716,36952.6,298.15,348.432,0.417582
0.002718,36950.8,298.15,348.432,0.417561
0.00272,36948.9,298.15,348.432,0.41754
0.002722,36947,298.15,348.432,0.417519
0.002724,36945.2,298.15,348.432,0.417498
0.002726,36943.3,298.15,348.432,0.417477
0.002728,36941.5,298.15,348.432,0.417456
0.00273,36939.6,298.15,348.432,0.417435
0.002732,36937.8,298.15,348.432,0.417414
0.002734,36936,298.15,348.432,0.417394
0.002736,36934.1,298.15,348.432,0.417373
0.002738,36932.3,298.15,348.432,0.417352
0.00274,36930.5,298.15,348.432,0.417331
0.002742,36928.6,298.15,348.432,0.417311
0.002744,36926.8,298.15,348.432,0.41729
0.002746,36925,298.15,348.432,0.417269
0.002748,36923.1,298.15,348.432,0.417249
0.00275,36921.3,298.15,348.432,0.417228
0.002752,36919.5,298.15,348.432,0.417208
0.002754,36917.7,298.15,348.432,0.417187
0.002756,36915.9,298.15,348.432,0.417167
0.002758,36914.1,298.15,348.432,0.417146
0.00276,36912.3,298.15,348.432,0.417126
0.002762,36910.5,298.15,348.432,0.417106
0.002764,36908.7,298.15,348.432,0.417085
0.002766,36906.9,298.15,348.432,0.417065
0.002768,36905.1,298.15,348.432,0.417045
0.00277,36903.3,298.15,348.432,0.417024
0.002772,36901.5,298.15,348.432,0.417004
0.002774,36899.7,298.15,348.432,0.416984
0.002776,36897.9,298.15,348.432,0.416964
0.002778,36896.2,298.15,348.432,0.416944
0.00278,36894.4,298.15,348.432,0.416924
0.002782,36892.6,298.15,348.432,0.416904
0.002784,36890.8,298.15,348.432,0.416884
0.002786,36889.1,298.15,348.432,0.416864
0.002788,36887.3,298.15,348.432,0.416844
0.00279,36885.5,298.15,348.432,0.416824
0.002792,36883.8,298.15,348.432,0.416804
0.002794,36882,298.15,348.432,0.416784
0.002796,36880.3,298.15,348.432,0.416764
0.002798,36878.5,298.15,348.432,0.416745
0.0028,36876.8,298.15,348.432,0.416725
0.002802,36875,298.15,348.432,0.416705
0.002804,36873.3,298.15,348.432,0.416685
0.002806,36871.5,298.15,348.432,0.416666
0.002808,36869.8,298.15,348.432,0.416646
0.00281,36868.1,298.15,348.432,0.416626
0.002812,36866.3,298.15,348.432,0.416607
0.002814,36864.6,298.15,348.432,0.416587
0.002816,36862.9,298.15,348.432,0.416568
0.002818,36861.2,298.15,348.432,0.416548
0.00282,36859.4,298.15,348.432,0.416529
0.002822,36857.7,298.15,348.432,0.416509
0.002824,36856,298.15,348.432,0.41649
0.002826,36854.3,298.15,348.432,0.41647
0.002828,36852.6,298.15,348.432,0.416451
0.00283,36850.9,298.15,348.432,0.416432
0.002832,36849.1,298.15,348.432,0.416413
0.002834,36847.4,298.15,348.432,0.416393
0.002836,36845.7,298.15,348.432,0.416374
0.002838,36844,298.15,348.432,0.416355
0.00284,36842.3,298.15,348.432,0.416336
0.002842,36840.6,298.15,348.432,0.416316
0.002844,36839,298.15,348.432,0.416297
0.002846,36837.3,298.15,348.432,0.416278
0.002848,36835.6,298.15,348.432,0.416259
0.00285,36833.9,298.15,348.432,0.41624
0.002852,36832.2,298.15,348.432,0.416221
0.002854,36830.5,298.15,348.432,0.416202
0.002856,36828.8,298.15,348.432,0.416183
0.002858,36827.2,298.15,348.432,0.416164
0.00286,36825.5,298.15,348.432,0.416145
0.002862,36823.8,298.15,348.432,0.416126
0.002864,36822.2,298.15,348.432,0.416108
0.002866,36820.5,298.15,348.432,0.416089
0.002868,36818.8,298.15,348.432,0.41607
0.00287,36817.2,298.15,348.432,0.416051
0.002872,36815.5,298.15,348.432,0.416032
0.002874,36813.9,298.15,348.432,0.416014
0.002876,36812.2,298.15,348.432,0.415995
0.002878,36810.5,298.15,348.432,0.415976
0.00288,36808.9,298.15,348.432,0.415958
0.002882,36807.2,298.15,348.432,0.415939
0.002884,36805.6,298.15,348.432,0.41592
0.002886,36804,298.15,348.432,0.415902
0.002888,36802.3,298.15,348.432,0.415883
0.00289,36800.7,298.15,348.432,0.415865
0.002892,36799,298.15,348.432,0.415846
0.002894,36797.4,298.15,348.432,0.415828
0.002896,36795.8,298.15,348.432,0.415809
0.002898,36794.1,298.15,348.432,0.415791
0.0029,36792.5,298.15,348.432,0.415773
0.002902,36790.9,298.15,348.432,0.415754
0.002904,36789.3,298.15,348.432,0.415736
0.002906,36787.6,298.15,348.432,0.415718
0.002908,36786,298.15,348.432,0.415699
0.00291,36784.4,298.15,348.432,0.415681
0.002912,36782.8,298.15,348.432,0.415663
0.002914,36781.2,298.15,348.432,0.415644
0.002916,36779.6,298.15,348.432,0.415626
0.002918,36778,298.15,348.432,0.415608
0.00292,36776.4,298.15,348.432,0.41559
0.002922,36774.7,298.15,348.432,0.415572
0.002924,36773.1,298.15,348.432,0.415554
0.002926,36771.5,298.15,348.432,0.415536
0.002928,36769.9,298.15,348.432,0.415518
0.00293,36768.3,298.15,348.432,0.415499
0.002932,36766.8,298.15,348.432,0.415481
0.002934,36765.2,298.15,348.432,0.415463
0.002936,36763.6,298.15,348.432,0.415446
0.002938,36762,298.15,348.432,0.415428
0.00294,36760.4,298.15,348.432,0.41541
0.002942,36758.8,298.15,348.432,0.415392
0.002944,36757.2,298.15,348.432,0.415374
0.002946,36755.6,298.15,348.432,0.415356
0.002948,36754.1,298.15,348.432,0.415338
0.00295,36752.5,298.15,348.432,0.41532
0.002952,36750.9,298.15,348.432,0.415303
0.002954,36749.3,298.15,348.432,0.415285
0.002956,36747.8,298.15,348.432,0.415267
0.002958,36746.2,298.15,348.432,0.415249
0.00296,36744.6,298.15,348.432,0.415232
0.002962,36743.1,298.15,348.432,0.415214
0.002964,36741.5,298.15,348.432,0.415196
0.002966,36740,298.15,348.432,0.415179
0.002968,36738.4,298.15,348.432,0.415161
0.00297,36736.8,298.15,348.432,0.415143
0.002972,36735.3,298.15,348.432,0.415126
0.002974,36733.7,298.15,348.432,0.415108
0.002976,36732.2,298.15,348.432,0.415091
0.002978,36730.6,298.15,348.432,0.415073
0.00298,36729.1,298.15,348.432,0.415056
0.002982,36727.5,298.15,348.432,0.415038
0.002984,36726,298.15,348.432,0.415021
0.002986,36724.5,298.15,348.432,0.415003
0.002988,36722.9,298.15,348.432,0.414986
0.00299,36721.4,298.15,348.432,0.414969
0.002992,36719.8,298.15,348.432,0.414951
0.002994,36718.3,298.15,348.432,0.414934
0.002996,36716.8,298.15,348.432,0.414917
0.002998,36715.2,298.15,348.432,0.414899
0.003,36713.7,298.15,348.432,0.414882
0.003002,36712.2,298.15,348.432,0.414865
0.003004,36710.7,298.15,348.432,0.414848
0.003006,36709.1,298.15,348.432,0.41483
0.003008,36707.6,298.15,348.432,0.414813
0.00301,36706.1,298.15,348.432,0.414796
0.003012,36704.6,298.15,348.432,0.414779
0.003014,36703.1,298.15,348.432,0.414762
0.003016,36701.6,298.15,348.432,0.414745
0.003018,36700,298.15,348.432,0.414728
0.00302,36698.5,298.15,348.432,0.414711
0.003022,36697,298.15,348.432,0.414694
0.003024,36695.5,298.15,348.432,0.414677
0.003026,36694,298.15,348.432,0.41466
0.003028,36692.5,298.15,348.432,0.414643
0.00303,36691,298.15,348.432,0.414626
0.003032,36689.5,298.15,348.432,0.414609
0.003034,36688,298.15,348.432,0.414592
0.003036,36686.5,298.15,348.432,0.414575
0.003038,36685,298.15,348.432,0.414558
0.00304,36683.5,298.15,348.432,0.414541
0.003042,36682.1,298.15,348.432,0.414524
0.003044,36680.6,298.15,348.432,0.414508
0.003046,36679.1,298.15,348.432,0.414491
0.003048,36677.6,298.15,348.432,0.414474
0.00305,36676.1,298.15,348.432,0.414457
0.003052,36674.6,298.15,348.432,0.414441
0.003054,36673.2,298.15,348.432,0.414424
0.003056,36671.7,298.15,348.432,0.414407
0.003058,36670.2,298.15,348.432,0.414391
0.00306,36668.8,298.15,348.432,0.414374
0.003062,36667.3,298.15,348.432,0.414357
0.003064,36665.8,298.15,348.432,0.414341
0.003066,36664.4,298.15,348.432,0.414324
0.003068,36662.9,298.15,348.432,0.414308
0.00307,36661.4,298.15,348.432,0.414291
0.003072,36660,298.15,348.432,0.414275
0.003074,36658.5,298.15,348.432,0.414258
0.003076,36657.1,298.15,348.432,0.414242
0.003078,36655.6,298.15,348.432,0.414225
0.00308,36654.1,298.15,348.432,0.414209
0.003082,36652.7,298.15,348.432,0.414193
0.003084,36651.2,298.15,348.432,0.414176
0.003086,36649.8,298.15,348.432,0.41416
0.003088,36648.4,298.15,348.432,0.414144
0.00309,36646.9,298.15,348.432,0.414127
0.003092,36645.5,298.15,348.432,0.414111
0.003094,36644,298.15,348.432,0.414095
0.003096,36642.6,298.15,348.432,0.414078
0.003098,36641.2,298.15,348.432,0.414062
0.0031,36639.7,298.15,348.432,0.414046
0.003102,36638.3,298.15,348.432,0.41403
0.003104,36636.9,298.15,348.432,0.414014
0.003106,36635.4,298.15,348.432,0.413998
0.003108,36634,298.15,348.432,0.413982
0.00311,36632.6,298.15,348.432,0.413965
0.003112,36631.2,298.15,348.432,0.413949
0.003114,36629.8,298.15,348.432,0.413933
0.003116,36628.3,298.15,348.432,0.413917
0.003118,36626.9,298.15,348.432,0.413901
0.00312,36625.5,298.15,348.432,0.413885
0.003122,36624.1,298.15,348.432,0.413869
0.003124,36622.7,298.15,348.432,0.413853
0.003126,36621.3,298.15,348.432,0.413838
0.003128,36619.9,298.15,348.432,0.413822
0.00313,36618.5,298.15,348.432,0.413806
0.003132,36617.1,298.15,348.432,0.41379
0.003134,36615.7,298.15,348.432,0.413774
0.003136,36614.3,298.15,348.432,0.413758
0.003138,36612.9,298.15,348.432,0.413743
0.00314,36611.5,298.15,348.432,0.413727
0.003142,36610.1,298.15,348.432,0.413711
0.003144,36608.7,298.15,348.432,0.413695
0.003146,36607.3,298.15,348.432,0.41368
0.003148,36605.9,298.15,348.432,0.413664
0.00315,36604.5,298.15,348.432,0.413648
0.003152,36603.1,298.15,348.432,0.413633
0.003154,36601.8,298.15,348.432,0.413617
0.003156,36600.4,298.15,348.432,0.413601
0.003158,36599,298.15,348.432,0.413586
0.00316,36597.6,298.15,348.432,0.41357
0.003162,36596.3,298.15,348.432,0.413555
0.003164,36594.9,298.15,348.432,0.413539
0.003166,36593.5,298.15,348.432,0.413524
0.003168,36592.1,298.15,348.432,0.413508
0.00317,36590.8,298.15,348.432,0.413493
0.003172,36589.4,298.15,348.432,0.413477
0.003174,36588,298.15,348.432,0.413462
0.003176,36586.7,298.15,348.432,0.413446
0.003178,36585.3,298.15,348.432,0.413431
0.00318,36584,298.15,348.432,0.413416
0.003182,36582.6,298.15,348.432,0.4134
0.003184,36581.2,298.15,348.432,0.413385
0.003186,36579.9,298.15,348.432,0.41337
0.003188,36578.5,298.15,348.432,0.413355
0.00319,36577.2,298.15,348.432,0.413339
0.003192,36575.8,298.15,348.432,0.413324
0.003194,36574.5,298.15,348.432,0.413309
0.003196,36573.1,298.15,348.432,0.413294
0.003198,36571.8,298.15,348.432,0.413278
0.0032,36570.5,298.15,348.432,0.413263
0.003202,36569.1,298.15,348.432,0.413248
0.003204,36567.8,298.15,348.432,0.413233
0.003206,36566.5,298.15,348.432,0.413218
0.003208,36565.1,298.15,348.432,0.413203
0.00321,36563.8,298.15,348.432,0.413188
0.003212,36562.5,298.15,348.432,0.413173
0.003214,36561.1,298.15,348.432,0.413158
0.003216,36559.8,298.15,348.432,0.413143
0.003218,36558.5,298.15,348.432,0.413128
0.00322,36557.1,298.15,348.432,0.413113
0.003222,36555.8,298.15,348.432,0.413098
0.003224,36554.5,298.15,348.432,0.413083
0.003226,36553.2,298.15,348.432,0.413068
0.003228,36551.9,298.15,348.432,0.413053
0.00323,36550.5,298.15,348.432,0.413038
0.003232,36549.2,298.15,348.432,0.413023
0.003234,36547.9,298.15,348.432,0.413009
0.003236,36546.6,298.15,348.432,0.412994
0.003238,36545.3,298.15,348.432,0.412979
0.00324,36544,298.15,348.432,0.412964
0.003242,36542.7,298.15,348.432,0.412949
0.003244,36541.4,298.15,348.432,0.412935
0.003246,36540.1,298.15,348.432,0.41292
0.003248,36538.8,298.15,348.432,0.412905
0.00325,36537.5,298.15,348.432,0.41289
0.003252,36536.2,298.15,348.432,0.412876
0.003254,36534.9,298.15,348.432,0.412861
0.003256,36533.6,298.15,348.432,0.412846
0.003258,36532.3,298.15,348.432,0.412832
0.00326,36531,298.15,348.432,0.412817
0.003262,36529.7,298.15,348.432,0.412803
0.003264,36528.4,298.15,348.432,0.412788
0.003266,36527.1,298.15,348.432,0.412774
0.003268,36525.8,298.15,348.432,0.412759
0.00327,36524.6,298.15,348.432,0.412744
0.003272,36523.3,298.15,348.432,0.41273
0.003274,36522,298.15,348.432,0.412715
0.003276,36520.7,298.15,348.432,0.412701
0.003278,36519.4,298.15,348.432,0.412687
0.00328,36518.2,298.15,348.432,0.412672
0.003282,36516.9,298.15,348.432,0.412658
0.003284,36515.6,298.15,348.432,0.412643
0.003286,36514.3,298.15,348.432,0.412629
0.003288,36513.1,298.15,348.432,0.412615
0.00329,36511.8,298.15,348.432,0.4126
0.003292,36510.5,298.15,348.432,0.412586
0.003294,36509.3,298.15,348.432,0.412572
0.003296,36508,298.15,348.432,0.412557
0.003298,36506.7,298.15,348.432,0.412543
0.0033,36505.5,298.15,348.432,0.412529
0.003302,36504.2,298.15,348.432,0.412514
0.003304,36502.9,298.15,348.432,0.4125
0.003306,36501.7,298.15,348.432,0.412486
0.003308,36500.4,298.15,348.432,0.412472
0.00331,36499.2,298.15,348.432,0.412458
0.003312,36497.9,298.15,348.432,0.412443
0.003314,36496.7,298.15,348.432,0.412429
0.003316,36495.4,298.15,348.432,0.412415
0.003318,36494.2,298.15,348.432,0.412401
0.00332,36492.9,298.15,348.432,0.412387
0.003322,36491.7,298.15,348.432,0.412373
0.003324,36490.4,298.15,348.432,0.412359
0.003326,36489.2,298.15,348.432,0.412345
0.003328,36487.9,298.15,348.432,0.412331
0.00333,36486.7,298.15,348.432,0.412317
0.003332,36485.5,298.15,348.432,0.412303
0.003334,36484.2,298.15,348.432,0.412289
0.003336,36483,298.15,348.432,0.412275
0.003338,36481.7,298.15,348.432,0.412261
0.00334,36480.5,298.15,348.432,0.412247
0.003342,36479.3,298.15,348.432,0.412233
0.003344,36478,298.15,348.432,0.412219
0.003346,36476.8,298.15,348.432,0.412205
0.003348,36475.6,298.15,348.432,0.412191
0.00335,36474.4,298.15,348.432,0.412177
0.003352,36473.1,298.15,348.432,0.412163
0.003354,36471.9,298.15,348.432,0.41215
0.003356,36470.7,298.15,348.432,0.412136
0.003358,36469.5,298.15,348.432,0.412122
0.00336,36468.2,298.15,348.432,0.412108
0.003362,36467,298.15,348.432,0.412094
0.003364,36465.8,298.15,348.432,0.412081
0.003366,36464.6,298.15,348.432,0.412067
0.003368,36463.4,298.15,348.432,0.412053
0.00337,36462.2,298.15,348.432,0.412039
0.003372,36461,298.15,348.432,0.412026
0.003374,36459.7,298.15,348.432,0.412012
0.003376,36458.5,298.15,348.432,0.411998
0.003378,36457.3,298.15,348.432,0.411985
0.00338,36456.1,298.15,348.432,0.411971
0.003382,36454.9,298.15,348.432,0.411958
0.003384,36453.7,298.15,348.432,0.411944
0.003386,36452.5,298.15,348.432,0.41193
0.003388,36451.3,298.15,348.432,0.411917
0.00339,36450.1,298.15,348.432,0.411903
0.003392,36448.9,298.15,348.432,0.41189
0.003394,36447.7,298.15,348.432,0.411876
0.003396,36446.5,298.15,348.432,0.411863
0.003398,36445.3,298.15,348.432,0.411849
0.0034,36444.1,298.15,348.432,0.411836
0.003402,36443,298.15,348.432,0.411822
0.003404,36441.8,298.15,348.432,0.411809
0.003406,36440.6,298.15,348.432,0.411795
0.003408,36439.4,298.15,348.432,0.411782
0.00341,36438.2,298.15,348.432,0.411769
0.003412,36437,298.15,348.432,0.411755
0.003414,36435.8,298.15,348.432,0.411742
0.003416,36434.7,298.15,348.432,0.411729
0.003418,36433.5,298.15,348.432,0.411715
0.00342,36432.3,298.15,348.432,0.411702
0.003422,36431.1,298.15,348.432,0.411689
0.003424,36429.9,298.15,348.432,0.411675
0.003426,36428.8,298.15,348.432,0.411662
0.003428,36427.6,298.15,348.432,0.411649
0.00343,36426.4,298.15,348.432,0.411636
0.003432,36425.3,298.15,348.432,0.411622
0.003434,36424.1,298.15,348.432,0.411609
0.003436,36422.9,298.15,348.432,0.411596
0.003438,36421.8,298.15,348.432,0.411583
0.00344,36420.6,298.15,348.432,0.41157
0.003442,36419.4,298.15,348.432,0.411557
0.003444,36418.3,298.15,348.432,0.411543
0.003446,36417.1,298.15,348.432,0.41153
0.003448,36415.9,298.15,348.432,0.411517
0.00345,36414.8,298.15,348.432,0.411504
0.003452,36413.6,298.15,348.432,0.411491
0.003454,36412.5,298.15,348.432,0.411478
0.003456,36411.3,298.15,348.432,0.411465
0.003458,36410.2,298.15,348.432,0.411452
0.00346,36409,298.15,348.432,0.411439
0.003462,36407.9,298.15,348.432,0.411426
0.003464,36406.7,298.15,348.432,0.411413
0.003466,36405.6,298.15,348.432,0.4114
0.003468,36404.4,298.15,348.432,0.411387
0.00347,36403.3,298.15,348.432,0.411374
0.003472,36402.2,298.15,348.432,0.411361
0.003474,36401,298.15,348.432,0.411348
0.003476,36399.9,298.15,348.432,0.411336
0.003478,36398.7,298.15,348.432,0.411323
0.00348,36397.6,298.15,348.432,0.41131
0.003482,36396.5,298.15,348.432,0.411297
0.003484,36395.3,298.15,348.432,0.411284
0.003486,36394.2,298.15,348.432,0.411271
0.003488,36393.1,298.15,348.432,0.411259
0.00349,36391.9,298.15,348.432,0.411246
0.003492,36390.8,298.15,348.432,0.411233
0.003494,36389.7,298.15,348.432,0.41122
0.003496,36388.5,298.15,348.432,0.411208
0.003498,36387.4,298.15,348.432,0.411195
0.0035,36386.3,298.15,348.432,0.411182
0.003502,36385.2,298.15,348.432,0.411169
0.003504,36384.1,298.15,348.432,0.411157
0.003506,36382.9,298.15,348.432,0.411144
0.003508,36381.8,298.15,348.432,0.411132
0.00351,36380.7,298.15,348.432,0.411119
0.003512,36379.6,298.15,348.432,0.411106
0.003514,36378.5,298.15,348.432,0.411094
0.003516,36377.4,298.15,348.432,0.411081
0.003518,36376.3,298.15,348.432,0.411069
0.00352,36375.1,298.15,348.432,0.411056
0.003522,36374,298.15,348.432,0.411044
0.003524,36372.9,298.15,348.432,0.411031
0.003526,36371.8,298.15,348.432,0.411019
0.003528,36370.7,298.15,348.432,0.411006
0.00353,36369.6,298.15,348.432,0.410994
0.003532,36368.5,298.15,348.432,0.410981
0.003534,36367.4,298.15,348.432,0.410969
0.003536,36366.3,298.15,348.432,0.410956
0.003538,36365.2,298.15,348.432,0.410944
0.00354,36364.1,298.15,348.432,0.410931
0.003542,36363,298.15,348.432,0.410919
0.003544,36361.9,298.15,348.432,0.410907
0.003546,36360.8,298.15,348.432,0.410894
0.003548,36359.7,298.15,348.432,0.410882
0.00355,36358.6,298.15,348.432,0.41087
0.003552,36357.6,298.15,348.432,0.410857
0.003554,36356.5,298.15,348.432,0.410845
0.003556,36355.4,298.15,348.432,0.410833
0.003558,36354.3,298.15,348.432,0.41082
0.00356,36353.2,298.15,348.432,0.410808
0.003562,36352.1,298.15,348.432,0.410796
0.003564,36351,298.15,348.432,0.410784
0.003566,36350,298.15,348.432,0.410772
0.003568,36348.9,298.15,348.432,0.410759
0.00357,36347.8,298.15,348.432,0.410747
0.003572,36346.7,298.15,348.432,0.410735
0.003574,36345.7,298.15,348.432,0.410723
0.003576,36344.6,298.15,348.432,0.410711
0.003578,36343.5,298.15,348.432,0.410699
0.00358,36342.4,298.15,348.432,0.410686
0.003582,36341.4,298.15,348.432,0.410674
0.003584,36340.3,298.15,348.432,0.410662
0.003586,36339.2,298.15,348.432,0.41065
0.003588,36338.2,298.15,348.432,0.410638
0.00359,36337.1,298.15,348.432,0.410626
0.003592,36336,298.15,348.432,0.410614
0.003594,36335,298.15,348.432,0.410602
0.003596,36333.9,298.15,348.432,0.41059
0.003598,36332.8,298.15,348.432,0.410578
0.0036,36331.8,298.15,348.432,0.410566
0.003602,36330.7,298.15,348.432,0.410554
0.003604,36329.7,298.15,348.432,0.410542
0.003606,36328.6,298.15,348.432,0.41053
0.003608,36327.5,298.15,348.432,0.410518
0.00361,36326.5,298.15,348.432,0.410506
0.003612,36325.4,298.15,348.432,0.410494
0.003614,36324.4,298.15,348.432,0.410483
0.003616,36323.3,298.15,348.432,0.410471
0.003618,36322.3,298.15,348.432,0.410459
0.00362,36321.2,298.15,348.432,0.410447
0.003622,36320.2,298.15,348.432,0.410435
0.003624,36319.1,298.15,348.432,0.410423
0.003626,36318.1,298.15,348.432,0.410411
0.003628,36317.1,298.15,348.432,0.4104
0.00363,36316,298.15,348.432,0.410388
0.003632,36315,298.15,348.432,0.410376
0.003634,36313.9,298.15,348.432,0.410364
0.003636,36312.9,298.15,348.432,0.410353
0.003638,36311.8,298.15,348.432,0.410341
0.00364,36310.8,298.15,348.432,0.410329
0.003642,36309.8,298.15,348.432,0.410317
0.003644,36308.7,298.15,348.432,0.410306
0.003646,36307.7,298.15,348.432,0.410294
0.003648,36306.7,298.15,348.432,0.410282
0.00365,36305.6,298.15,348.432,0.410271
0.003652,36304.6,298.15,348.432,0.410259
0.003654,36303.6,298.15,348.432,0.410247
0.003656,36302.5,298.15,348.432,0.410236
0.003658,36301.5,298.15,348.432,0.410224
0.00366,36300.5,298.15,348.432,0.410212
0.003662,36299.5,298.15,348.432,0.410201
0.003664,36298.4,298.15,348.432,0.410189
0.003666,36297.4,298.15,348.432,0.410178
0.003668,36296.4,298.15,348.432,0.410166
0.00367,36295.4,298.15,348.432,0.410155
0.003672,36294.4,298.15,348.432,0.410143
0.003674,36293.3,298.15,348.432,0.410132
0.003676,36292.3,298.15,348.432,0.41012
0.003678,36291.3,298.15,348.432,0.410109
0.00368,36290.3,298.15,348.432,0.410097
0.003682,36289.3,298.15,348.432,0.410086
0.003684,36288.3,298.15,348.432,0.410074
0.003686,36287.2,298.15,348.432,0.410063
0.003688,36286.2,298.15,348.432,0.410051
0.00369,36285.2,298.15,348.432,0.41004
0.003692,36284.2,298.15,348.432,0.410028
0.003694,36283.2,298.15,348.432,0.410017
0.003696,36282.2,298.15,348.432,0.410006
0.003698,36281.2,298.15,348.432,0.409994
0.0037,36280.2,298.15,348.432,0.409983
0.003702,36279.2,298.15,348.432,0.409972
0.003704,36278.2,298.15,348.432,0.40996
0.003706,36277.2,298.15,348.432,0.409949
0.003708,36276.2,298.15,348.432,0.409938
0.00371,36275.2,298.15,348.432,0.409926
0.003712,36274.2,298.15,348.432,0.409915
0.003714,36273.2,298.15,348.432,0.409904
0.003716,36272.2,298.15,348.432,0.409892
0.003718,36271.2,298.15,348.432,0.409881
0.00372,36270.2,298.15,348.432,0.40987
0.003722,36269.2,298.15,348.432,0.409859
0.003724,36268.2,298.15,348.432,0.409848
0.003726,36267.2,298.15,348.432,0.409836
0.003728,36266.2,298.15,348.432,0.409825
0.00373,36265.2,298.15,348.432,0.409814
0.003732,36264.2,298.15,348.432,0.409803
0.003734,36263.2,298.15,348.432,0.409792
0.003736,36262.3,298.15,348.432,0.40978
0.003738,36261.3,298.15,348.432,0.409769
0.00374,36260.3,298.15,348.432,0.409758
0.003742,36259.3,298.15,348.432,0.409747
0.003744,36258.3,298.15,348.432,0.409736
0.003746,36257.3,298.15,348.432,0.409725
0.003748,36256.4,298.15,348.432,0.409714
0.00375,36255.4,298.15,348.432,0.409703
0.003752,36254.4,298.15,348.432,0.409692
0.003754,36253.4,298.15,348.432,0.409681
0.003756,36252.4,298.15,348.432,0.40967
0.003758,36251.5,298.15,348.432,0.409659
0.00376,36250.5,298.15,348.432,0.409647
0.003762,36249.5,298.15,348.432,0.409636
0.003764,36248.5,298.15,348.432,0.409625
0.003766,36247.6,298.15,348.432,0.409615
0.003768,36246.6,298.15,348.432,0.409604
0.00377,36245.6,298.15,348.432,0.409593
0.003772,36244.7,298.15,348.432,0.409582
0.003774,36243.7,298.15,348.432,0.409571
0.003776,36242.7,298.15,348.432,0.40956
0.003778,36241.8,298.15,348.432,0.409549
0.00378,36240.8,298.15,348.432,0.409538
0.003782,36239.8,298.15,348.432,0.409527
0.003784,36238.9,298.15,348.432,0.409516
0.003786,36237.9,298.15,348.432,0.409505
0.003788,36237,298.15,348.432,0.409495
0.00379,36236,298.15,348.432,0.409484
0.003792,36235,298.15,348.432,0.409473
0.003794,36234.1,298.15,348.432,0.409462
0.003796,36233.1,298.15,348.432,0.409451
0.003798,36232.2,298.15,348.432,0.40944
0.0038,36231.2,298.15,348.432,0.40943
0.003802,36230.3,298.15,348.432,0.409419
0.003804,36229.3,298.15,348.432,0.409408
0.003806,36228.4,298.15,348.432,0.409397
0.003808,36227.4,298.15,348.432,0.409387
0.00381,36226.5,298.15,348.432,0.409376
0.003812,36225.5,298.15,348.432,0.409365
0.003814,36224.6,298.15,348.432,0.409355
0.003816,36223.6,298.15,348.432,0.409344
0.003818,36222.7,298.15,348.432,0.409333
0.00382,36221.7,298.15,348.432,0.409322
0.003822,36220.8,298.15,348.432,0.409312
0.003824,36219.8,298.15,348.432,0.409301
0.003826,36218.9,298.15,348.432,0.409291
0.003828,36218,298.15,348.432,0.40928
0.00383,36217,298.15,348.432,0.409269
0.003832,36216.1,298.15,348.432,0.409259
0.003834,36215.2,298.15,348.432,0.409248
0.003836,36214.2,298.15,348.432,0.409238
0.003838,36213.3,298.15,348.432,0.409227
0.00384,36212.4,298.15,348.432,0.409216
0.003842,36211.4,298.15,348.432,0.409206
0.003844,36210.5,298.15,348.432,0.409195
0.003846,36209.6,298.15,348.432,0.409185
0.003848,36208.6,298.15,348.432,0.409174
0.00385,36207.7,298.15,348.432,0.409164
0.003852,36206.8,298.15,348.432,0.409153
0.003854,36205.8,298.15,348.432,0.409143
0.003856,36204.9,298.15,348.432,0.409132
0.003858,36204,298.15,348.432,0.409122
0.00386,36203.1,298.15,348.432,0.409112
0.003862,36202.1,298.15,348.432,0.409101
0.003864,36201.2,298.15,348.432,0.409091
0.003866,36200.3,298.15,348.432,0.40908
0.003868,36199.4,298.15,348.432,0.40907
0.00387,36198.5,298.15,348.432,0.40906
0.003872,36197.5,298.15,348.432,0.409049
0.003874,36196.6,298.15,348.432,0.409039
0.003876,36195.7,298.15,348.432,0.409028
0.003878,36194.8,298.15,348.432,0.409018
0.00388,36193.9,298.15,348.432,0.409008
0.003882,36193,298.15,348.432,0.408997
0.003884,36192.1,298.15,348.432,0.408987
0.003886,36191.1,298.15,348.432,0.408977
0.003888,36190.2,298.15,348.432,0.408967
0.00389,36189.3,298.15,348.432,0.408956
0.003892,36188.4,298.15,348.432,0.408946
0.003894,36187.5,298.15,348.432,0.408936
0.003896,36186.6,298.15,348.432,0.408926
0.003898,36185.7,298.15,348.432,0.408915
0.0039,36184.8,298.15,348.432,0.408905
0.003902,36183.9,298.15,348.432,0.408895
0.003904,36183,298.15,348.432,0.408885
0.003906,36182.1,298.15,348.432,0.408874
0.003908,36181.2,298.15,348.432,0.408864
0.00391,36180.3,298.15,348.432,0.408854
0.003912,36179.4,298.15,348.432,0.408844
0.003914,36178.5,298.15,348.432,0.408834
0.003916,36177.6,298.15,348.432,0.408824
0.003918,36176.7,298.15,348.432,0.408814
0.00392,36175.8,298.15,348.432,0.408803
0.003922,36174.9,298.15,348.432,0.408793
0.003924,36174,298.15,348.432,0.408783
0.003926,36173.1,298.15,348.432,0.408773
0.003928,36172.2,298.15,348.432,0.408763
0.00393,36171.3,298.15,348.432,0.408753
0.003932,36170.5,298.15,348.432,0.408743
0.003934,36169.6,298.15,348.432,0.408733
0.003936,36168.7,298.15,348.432,0.408723
0.003938,36167.8,298.15,348.432,0.408713
0.00394,36166.9,298.15,348.432,0.408703
0.003942,36166,298.15,348.432,0.408693
0.003944,36165.1,298.15,348.432,0.408683
0.003946,36164.3,298.15,348.432,0.408673
0.003948,36163.4,298.15,348.432,0.408663
0.00395,36162.5,298.15,348.432,0.408653
0.003952,36161.6,298.15,348.432,0.408643
0.003954,36160.7,298.15,348.432,0.408633
0.003956,36159.9,298.15,348.432,0.408623
0.003958,36159,298.15,348.432,0.408613
0.00396,36158.1,298.15,348.432,0.408603
0.003962,36157.2,298.15,348.432,0.408594
0.003964,36156.4,298.15,348.432,0.408584
0.003966,36155.5,298.15,348.432,0.408574
0.003968,36154.6,298.15,348.432,0.408564
0.00397,36153.7,298.15,348.432,0.408554
0.003972,36152.9,298.15,348.432,0.408544
0.003974,36152,298.15,348.432,0.408534
0.003976,36151.1,298.15,348.432,0.408524
0.003978,36150.3,298.15,348.432,0.408515
0.00398,36149.4,298.15,348.432,0.408505
0.003982,36148.5,298.15,348.432,0.408495
0.003984,36147.6,298.15,348.432,0.408485
0.003986,36146.8,298.15,348.432,0.408476
0.003988,36145.9,298.15,348.432,0.408466
0.00399,36145.1,298.15,348.432,0.408456
0.003992,36144.2,298.15,348.432,0.408446
0.003994,36143.3,298.15,348.432,0.408436
0.003996,36142.5,298.15,348.432,0.408427
0.003998,36141.6,298.15,348.432,0.408417
0.004,36140.7,298.15,348.432,0.408407
0.004002,36139.9,298.15,348.432,0.408398
0.004004,36139,298.15,348.432,0.408388
0.004006,36138.2,298.15,348.432,0.408378
0.004008,36137.3,298.15,348.432,0.408369
0.00401,36136.5,298.15,348.432,0.408359
0.004012,36135.6,298.15,348.432,0.408349
0.004014,36134.8,298.15,348.432,0.40834
0.004016,36133.9,298.15,348.432,0.40833
0.004018,36133.1,298.15,348.432,0.40832
0.00402,36132.2,298.15,348.432,0.408311
0.004022,36131.4,298.15,348.432,0.408301
0.004024,36130.5,298.15,348.432,0.408292
0.004026,36129.7,298.15,348.432,0.408282
0.004028,36128.8,298.15,348.432,0.408272
0.00403,36128,298.15,348.432,0.408263
0.004032,36127.1,298.15,348.432,0.408253
0.004034,36126.3,298.15,348.432,0.408244
0.004036,36125.4,298.15,348.432,0.408234
0.004038,36124.6,298.15,348.432,0.408225
0.00404,36123.7,298.15,348.432,0.408215
0.004042,36122.9,298.15,348.432,0.408206
0.004044,36122.1,298.15,348.432,0.408196
0.004046,36121.2,298.15,348.432,0.408187
0.004048,36120.4,298.15,348.432,0.408177
0.00405,36119.5,298.15,348.432,0.408168
0.004052,36118.7,298.15,348.432,0.408158
0.004054,36117.9,298.15,348.432,0.408149
0.004056,36117,298.15,348.432,0.408139
0.004058,36116.2,298.15,348.432,0.40813
0.00406,36115.4,298.15,348.432,0.40812
0.004062,36114.5,298.15,348.432,0.408111
0.004064,36113.7,298.15,348.432,0.408101
0.004066,36112.9,298.15,348.432,0.408092
0.004068,36112,298.15,348.432,0.408083
0.00407,36111.2,298.15,348.432,0.408073
0.004072,36110.4,298.15,348.432,0.408064
0.004074,36109.5,298.15,348.432,0.408055
0.004076,36108.7,298.15,348.432,0.408045
0.004078,36107.9,298.15,348.432,0.408036
0.00408,36107,298.15,348.432,0.408026
0.004082,36106.2,298.15,348.432,0.408017
0.004084,36105.4,298.15,348.432,0.408008
0.004086,36104.6,298.15,348.432,0.407998
0.004088,36103.7,298.15,348.432,0.407989
0.00409,36102.9,298.15,348.432,0.40798
0.004092,36102.1,298.15,348.432,0.407971
0.004094,36101.3,298.15,348.432,0.407961
0.004096,36100.5,298.15,348.432,0.407952
0.004098,36099.6,298.15,348.432,0.407943
0.0041,36098.8,298.15,348.432,0.407934
0.004102,36098,298.15,348.432,0.407924
0.004104,36097.2,298.15,348.432,0.407915
0.004106,36096.4,298.15,348.432,0.407906
0.004108,36095.6,298.15,348.432,0.407897
0.00411,36094.7,298.15,348.432,0.407887
0.004112,36093.9,298.15,348.432,0.407878
0.004114,36093.1,298.15,348.432,0.407869
0.004116,36092.3,298.15,348.432,0.40786
0.004118,36091.5,298.15,348.432,0.407851
0.00412,36090.7,298.15,348.432,0.407841
0.004122,36089.9,298.15,348.432,0.407832
0.004124,36089.1,298.15,348.432,0.407823
0.004126,36088.2,298.15,348.432,0.407814
0.004128,36087.4,298.15,348.432,0.407805
0.00413,36086.6,298.15,348.432,0.407796
0.004132,36085.8,298.15,348.432,0.407787
0.004134,36085,298.15,348.432,0.407778
0.004136,36084.2,298.15,348.432,0.407768
0.004138,36083.4,298.15,348.432,0.407759
0.00414,36082.6,298.15,348.432,0.40775
0.004142,36081.8,298.15,348.432,0.407741
0.004144,36081,298.15,348.432,0.407732
0.004146,36080.2,298.15,348.432,0.407723
0.004148,36079.4,298.15,348.432,0.407714
0.00415,36078.6,298.15,348.432,0.407705
0.004152,36077.8,298.15,348.432,0.407696
0.004154,36077,298.15,348.432,0.407687
0.004156,36076.2,298.15,348.432,0.407678
0.004158,36075.4,298.15,348.432,0.407669
0.00416,36074.6,298.15,348.432,0.40766
0.004162,36073.8,298.15,348.432,0.407651
0.004164,36073,298.15,348.432,0.407642
0.004166,36072.2,298.15,348.432,0.407633
0.004168,36071.4,298.15,348.432,0.407624
0.00417,36070.7,298.15,348.432,0.407615
0.004172,36069.9,298.15,348.432,0.407606
0.004174,36069.1,298.15,348.432,0.407597
0.004176,36068.3,298.15,348.432,0.407588
0.004178,36067.5,298.15,348.432,0.40758
0.00418,36066.7,298.15,348.432,0.407571
0.004182,36065.9,298.15,348.432,0.407562
0.004184,36065.1,298.15,348.432,0.407553
0.004186,36064.4,298.15,348.432,0.407544
0.004188,36063.6,298.15,348.432,0.407535
0.00419,36062.8,298.15,348.432,0.407526
0.004192,36062,298.15,348.432,0.407517
0.004194,36061.2,298.15,348.432,0.407509
0.004196,36060.4,298.15,348.432,0.4075
0.004198,36059.7,298.15,348.432,0.407491
0.0042,36058.9,298.15,348.432,0.407482
0.004202,36058.1,298.15,348.432,0.407473
0.004204,36057.3,298.15,348.432,0.407465
0.004206,36056.5,298.15,348.432,0.407456
0.004208,36055.8,298.15,348.432,0.407447
0.00421,36055,298.15,348.432,0.407438
0.004212,36054.2,298.15,348.432,0.407429
0.004214,36053.4,298.15,348.432,0.407421
0.004216,36052.7,298.15,348.432,0.407412
0.004218,36051.9,298.15,348.432,0.407403
0.00422,36051.1,298.15,348.432,0.407394
0.004222,36050.3,298.15,348.432,0.407386
0.004224,36049.6,298.15,348.432,0.407377
0.004226,36048.8,298.15,348.432,0.407368
0.004228,36048,298.15,348.432,0.40736
0.00423,36047.3,298.15,348.432,0.407351
0.004232,36046.5,298.15,348.432,0.407342
0.004234,36045.7,298.15,348.432,0.407334
0.004236,36045,298.15,348.432,0.407325
0.004238,36044.2,298.15,348.432,0.407316
0.00424,36043.4,298.15,348.432,0.407308
0.004242,36042.7,298.15,348.432,0.407299
0.004244,36041.9,298.15,348.432,0.40729
0.004246,36041.1,298.15,348.432,0.407282
0.004248,36040.4,298.15,348.432,0.407273
0.00425,36039.6,298.15,348.432,0.407265
0.004252,36038.9,298.15,348.432,0.407256
0.004254,36038.1,298.15,348.432,0.407247
0.004256,36037.3,298.15,348.432,0.407239
0.004258,36036.6,298.15,348.432,0.40723
0.00426,36035.8,298.15,348.432,0.407222
0.004262,36035.1,298.15,348.432,0.407213
0.004264,36034.3,298.15,348.432,0.407205
0.004266,36033.6,298.15,348.432,0.407196
0.004268,36032.8,298.15,348.432,0.407188
0.00427,36032.1,298.15,348.432,0.407179
0.004272,36031.3,298.15,348.432,0.407171
0.004274,36030.5,298.15,348.432,0.407162
0.004276,36029.8,298.15,348.432,0.407154
0.004278,36029,298.15,348.432,0.407145
0.00428,36028.3,298.15,348.432,0.407137
0.004282,36027.5,298.15,348.432,0.407128
0.004284,36026.8,298.15,348.432,0.40712
0.004286,36026.1,298.15,348.432,0.407111
0.004288,36025.3,298.15,348.432,0.407103
0.00429,36024.6,298.15,348.432,0.407094
0.004292,36023.8,298.15,348.432,0.407086
0.004294,36023.1,298.15,348.432,0.407077
0.004296,36022.3,298.15,348.432,0.407069
0.004298,36021.6,298.15,348.432,0.407061
0.0043,36020.8,298.15,348.432,0.407052
0.004302,36020.1,298.15,348.432,0.407044
0.004304,36019.3,298.15,348.432,0.407035
0.004306,36018.6,298.15,348.432,0.407027
0.004308,36017.9,298.15,348.432,0.407019
0.00431,36017.1,298.15,348.432,0.40701
0.004312,36016.4,298.15,348.432,0.407002
0.004314,36015.7,298.15,348.432,0.406994
0.004316,36014.9,298.15,348.432,0.406985
0.004318,36014.2,298.15,348.432,0.406977
0.00432,36013.4,298.15,348.432,0.406969
0.004322,36012.7,298.15,348.432,0.40696
0.004324,36012,298.15,348.432,0.406952
0.004326,36011.2,298.15,348.432,0.406944
0.004328,36010.5,298.15,348.432,0.406935
0.00433,36009.8,298.15,348.432,0.406927
0.004332,36009,298.15,348.432,0.406919
0.004334,36008.3,298.15,348.432,0.406911
0.004336,36007.6,298.15,348.432,0.406902
0.004338,36006.8,298.15,348.432,0.406894
0.00434,36006.1,298.15,348.432,0.406886
0.004342,36005.4,298.15,348.432,0.406878
0.004344,36004.7,298.15,348.432,0.406869
0.004346,36003.9,298.15,348.432,0.406861
0.004348,36003.2,298.15,348.432,0.406853
0.00435,36002.5,298.15,348.432,0.406845
0.004352,36001.8,298.15,348.432,0.406837
0.004354,36001,298.15,348.432,0.406828
0.004356,36000.3,298.15,348.432,0.40682
0.004358,35999.6,298.15,348.432,0.406812
0.00436,35998.9,298.15,348.432,0.406804
0.004362,35998.1,298.15,348.432,0.406796
0.004364,35997.4,298.15,348.432,0.406788
0.004366,35996.7,298.15,348.432,0.406779
0.004368,35996,298.15,348.432,0.406771
0.00437,35995.3,298.15,348.432,0.406763
0.004372,35994.5,298.15,348.432,0.406755
0.004374,35993.8,298.15,348.432,0.406747
0.004376,35993.1,298.15,348.432,0.406739
0.004378,35992.4,298.15,348.432,0.406731
0.00438,35991.7,298.15,348.432,0.406723
0.004382,35990.9,298.15,348.432,0.406714
0.004384,35990.2,298.15,348.432,0.406706
0.004386,35989.5,298.15,348.432,0.406698
0.004388,35988.8,298.15,348.432,0.40669
0.00439,35988.1,298.15,348.432,0.406682
0.004392,35987.4,298.15,348.432,0.406674
0.004394,35986.7,298.15,348.432,0.406666
0.004396,35986,298.15,348.432,0.406658
0.004398,35985.2,298.15,348.432,0.40665
0.0044,35984.5,298.15,348.432,0.406642
0.004402,35983.8,298.15,348.432,0.406634
0.004404,35983.1,298.15,348.432,0.406626
0.004406,35982.4,298.15,348.432,0.406618
0.004408,35981.7,298.15,348.432,0.40661
0.00441,35981,298.15,348.432,0.406602
0.004412,35980.3,298.15,348.432,0.406594
0.004414,35979.6,298.15,348.432,0.406586
0.004416,35978.9,298.15,348.432,0.406578
0.004418,35978.2,298.15,348.432,0.40657
0.00442,35977.5,298.15,348.432,0.406562
0.004422,35976.8,298.15,348.432,0.406554
0.004424,35976.1,298.15,348.432,0.406546
0.004426,35975.4,298.15,348.432,0.406538
0.004428,35974.7,298.15,348.432,0.40653
0.00443,35974,298.15,348.432,0.406523
0.004432,35973.3,298.15,348.432,0.406515
0.004434,35972.6,298.15,348.432,0.406507
0.004436,35971.9,298.15,348.432,0.406499
0.004438,35971.2,298.15,348.432,0.406491
0.00444,35970.5,298.15,348.432,0.406483
0.004442,35969.8,298.15,348.432,0.406475
0.004444,35969.1,298.15,348.432,0.406467
0.004446,35968.4,298.15,348.432,0.406459
0.004448,35967.7,298.15,348.432,0.406452
0.00445,35967,298.15,348.432,0.406444
0.004452,35966.3,298.15,348.432,0.406436
0.004454,35965.6,298.15,348.432,0.406428
0.004456,35964.9,298.15,348.432,0.40642
0.004458,35964.2,298.15,348.432,0.406412
0.00446,35963.5,298.15,348.432,0.406405
0.004462,35962.8,298.15,348.432,0.406397
0.004464,35962.1,298.15,348.432,0.406389
0.004466,35961.5,298.15,348.432,0.406381
0.004468,35960.8,298.15,348.432,0.406373
0.00447,35960.1,298.15,348.432,0.406366
0.004472,35959.4,298.15,348.432,0.406358
0.004474,35958.7,298.15,348.432,0.40635
0.004476,35958,298.15,348.432,0.406342
0.004478,35957.3,298.15,348.432,0.406335
0.00448,35956.7,298.15,348.432,0.406327
0.004482,35956,298.15,348.432,0.406319
0.004484,35955.3,298.15,348.432,0.406311
0.004486,35954.6,298.15,348.432,0.406304
0.004488,35953.9,298.15,348.432,0.406296
0.00449,35953.2,298.15,348.432,0.406288
0.004492,35952.6,298.15,348.432,0.406281
0.004494,35951.9,298.15,348.432,0.406273
0.004496,35951.2,298.15,348.432,0.406265
0.004498,35950.5,298.15,348.432,0.406258
0.0045,35949.8,298.15,348.432,0.40625
0.004502,35949.2,298.15,348.432,0.406242
0.004504,35948.5,298.15,348.432,0.406235
0.004506,35947.8,298.15,348.432,0.406227
0.004508,35947.1,298.15,348.432,0.406219
0.00451,35946.4,298.15,348.432,0.406212
0.004512,35945.8,298.15,348.432,0.406204
0.004514,35945.1,298.15,348.432,0.406196
0.004516,35944.4,298.15,348.432,0.406189
0.004518,35943.8,298.15,348.432,0.406181
0.00452,35943.1,298.15,348.432,0.406174
0.004522,35942.4,298.15,348.432,0.406166
0.004524,35941.7,298.15,348.432,0.406158
0.004526,35941.1,298.15,348.432,0.406151
0.004528,35940.4,298.15,348.432,0.406143
0.00453,35939.7,298.15,348.432,0.406136
0.004532,35939.1,298.15,348.432,0.406128
0.004534,35938.4,298.15,348.432,0.406121
0.004536,35937.7,298.15,348.432,0.406113
0.004538,35937.1,298.15,348.432,0.406105
0.00454,35936.4,298.15,348.432,0.406098
0.004542,35935.7,298.15,348.432,0.40609
0.004544,35935.1,298.15,348.432,0.406083
0.004546,35934.4,298.15,348.432,0.406075
0.004548,35933.7,298.15,348.432,0.406068
0.00455,35933.1,298.15,348.432,0.40606
0.004552,35932.4,298.15,348.432,0.406053
0.004554,35931.7,298.15,348.432,0.406045
0.004556,35931.1,298.15,348.432,0.406038
0.004558,35930.4,298.15,348.432,0.40603
0.00456,35929.7,298.15,348.432,0.406023
0.004562,35929.1,298.15,348.432,0.406015
0.004564,35928.4,298.15,348.432,0.406008
0.004566,35927.8,298.15,348.432,0.406001
0.004568,35927.1,298.15,348.432,0.405993
0.00457,35926.5,298.15,348.432,0.405986
0.004572,35925.8,298.15,348.432,0.405978
0.004574,35925.1,298.15,348.432,0.405971
0.004576,35924.5,298.15,348.432,0.405963
0.004578,35923.8,298.15,348.432,0.405956
0.00458,35923.2,298.15,348.432,0.405949
0.004582,35922.5,298.15,348.432,0.405941
0.004584,35921.9,298.15,348.432,0.405934
0.004586,35921.2,298.15,348.432,0.405926
0.004588,35920.6,298.15,348.432,0.405919
0.00459,35919.9,298.15,348.432,0.405912
0.004592,35919.3,298.15,348.432,0.405904
0.004594,35918.6,298.15,348.432,0.405897
0.004596,35918,298.15,348.432,0.40589
0.004598,35917.3,298.15,348.432,0.405882
0.0046,35916.7,298.15,348.432,0.405875
0.004602,35916,298.15,348.432,0.405868
0.004604,35915.4,298.15,348.432,0.40586
0.004606,35914.7,298.15,348.432,0.405853
0.004608,35914.1,298.15,348.432,0.405846
0.00461,35913.4,298.15,348.432,0.405838
0.004612,35912.8,298.15,348.432,0.405831
0.004614,35912.1,298.15,348.432,0.405824
0.004616,35911.5,298.15,348.432,0.405817
0.004618,35910.8,298.15,348.432,0.405809
0.00462,35910.2,298.15,348.432,0.405802
0.004622,35909.6,298.15,348.432,0.405795
0.004624,35908.9,298.15,348.432,0.405787
0.004626,35908.3,298.15,348.432,0.40578
0.004628,35907.6,298.15,348.432,0.405773
0.00463,35907,298.15,348.432,0.405766
0.004632,35906.4,298.15,348.432,0.405758
0.004634,35905.7,298.15,348.432,0.405751
0.004636,35905.1,298.15,348.432,0.405744
0.004638,35904.4,298.15,348.432,0.405737
0.00464,35903.8,298.15,348.432,0.40573
0.004642,35903.2,298.15,348.432,0.405722
0.004644,35902.5,298.15,348.432,0.405715
0.004646,35901.9,298.15,348.432,0.405708
0.004648,35901.3,298.15,348.432,0.405701
0.00465,35900.6,298.15,348.432,0.405694
0.004652,35900,298.15,348.432,0.405687
0.004654,35899.3,298.15,348.432,0.405679
0.004656,35898.7,298.15,348.432,0.405672
0.004658,35898.1,298.15,348.432,0.405665
0.00466,35897.5,298.15,348.432,0.405658
0.004662,35896.8,298.15,348.432,0.405651
0.004664,35896.2,298.15,348.432,0.405644
0.004666,35895.6,298.15,348.432,0.405637
0.004668,35894.9,298.15,348.432,0.405629
0.00467,35894.3,298.15,348.432,0.405622
0.004672,35893.7,298.15,348.432,0.405615
0.004674,35893,298.15,348.432,0.405608
0.004676,35892.4,298.15,348.432,0.405601
0.004678,35891.8,298.15,348.432,0.405594
0.00468,35891.2,298.15,348.432,0.405587
0.004682,35890.5,298.15,348.432,0.40558
0.004684,35889.9,298.15,348.432,0.405573
0.004686,35889.3,298.15,348.432,0.405566
0.004688,35888.7,298.15,348.432,0.405559
0.00469,35888,298.15,348.432,0.405552
0.004692,35887.4,298.15,348.432,0.405544
0.004694,35886.8,298.15,348.432,0.405537
0.004696,35886.2,298.15,348.432,0.40553
0.004698,35885.5,298.15,348.432,0.405523
0.0047,35884.9,298.15,348.432,0.405516
0.004702,35884.3,298.15,348.432,0.405509
0.004704,35883.7,298.15,348.432,0.405502
0.004706,35883.1,298.15,348.432,0.405495
0.004708,35882.4,298.15,348.432,0.405488
0.00471,35881.8,298.15,348.432,0.405481
0.004712,35881.2,298.15,348.432,0.405474
0.004714,35880.6,298.15,348.432,0.405467
0.004716,35880,298.15,348.432,0.40546
0.004718,35879.4,298.15,348.432,0.405453
0.00472,35878.7,298.15,348.432,0.405446
0.004722,35878.1,298.15,348.432,0.40544
0.004724,35877.5,298.15,348.432,0.405433
0.004726,35876.9,298.15,348.432,0.405426
0.004728,35876.3,298.15,348.432,0.405419
0.00473,35875.7,298.15,348.432,0.405412
0.004732,35875.1,298.15,348.432,0.405405
0.004734,35874.4,298.15,348.432,0.405398
0.004736,35873.8,298.15,348.432,0.405391
0.004738,35873.2,298.15,348.432,0.405384
0.00474,35872.6,298.15,348.432,0.405377
0.004742,35872,298.15,348.432,0.40537
0.004744,35871.4,298.15,348.432,0.405363
0.004746,35870.8,298.15,348.432,0.405356
0.004748,35870.2,298.15,348.432,0.40535
0.00475,35869.6,298.15,348.432,0.405343
0.004752,35869,298.15,348.432,0.405336
0.004754,35868.3,298.15,348.432,0.405329
0.004756,35867.7,298.15,348.432,0.405322
0.004758,35867.1,298.15,348.432,0.405315
0.00476,35866.5,298.15,348.432,0.405308
0.004762,35865.9,298.15,348.432,0.405302
0.004764,35865.3,298.15,348.432,0.405295
0.004766,35864.7,298.15,348.432,0.405288
0.004768,35864.1,298.15,348.432,0.405281
0.00477,35863.5,298.15,348.432,0.405274
0.004772,35862.9,298.15,348.432,0.405267
0.004774,35862.3,298.15,348.432,0.405261
0.004776,35861.7,298.15,348.432,0.405254
0.004778,35861.1,298.15,348.432,0.405247
0.00478,35860.5,298.15,348.432,0.40524
0.004782,35859.9,298.15,348.432,0.405234
0.004784,35859.3,298.15,348.432,0.405227
0.004786,35858.7,298.15,348.432,0.40522
0.004788,35858.1,298.15,348.432,0.405213
0.00479,35857.5,298.15,348.432,0.405206
0.004792,35856.9,298.15,348.432,0.4052
0.004794,35856.3,298.15,348.432,0.405193
0.004796,35855.7,298.15,348.432,0.405186
0.004798,35855.1,298.15,348.432,0.405179
0.0048,35854.5,298.15,348.432,0.405173
0.004802,35853.9,298.15,348.432,0.405166
0.004804,35853.3,298.15,348.432,0.405159
0.004806,35852.7,298.15,348.432,0.405153
0.004808,35852.1,298.15,348.432,0.405146
0.00481,35851.5,298.15,348.432,0.405139
0.004812,35850.9,298.15,348.432,0.405132
0.004814,35850.4,298.15,348.432,0.405126
0.004816,35849.8,298.15,348.432,0.405119
0.004818,35849.2,298.15,348.432,0.405112
0.00482,35848.6,298.15,348.432,0.405106
0.004822,35848,298.15,348.432,0.405099
0.004824,35847.4,298.15,348.432,0.405092
0.004826,35846.8,298.15,348.432,0.405086
0.004828,35846.2,298.15,348.432,0.405079
0.00483,35845.6,298.15,348.432,0.405072
0.004832,35845,298.15,348.432,0.405066
0.004834,35844.5,298.15,348.432,0.405059
0.004836,35843.9,298.15,348.432,0.405052
0.004838,35843.3,298.15,348.432,0.405046
0.00484,35842.7,298.15,348.432,0.405039
0.004842,35842.1,298.15,348.432,0.405033
0.004844,35841.5,298.15,348.432,0.405026
0.004846,35840.9,298.15,348.432,0.405019
0.004848,35840.4,298.15,348.432,0.405013
0.00485,35839.8,298.15,348.432,0.405006
0.004852,35839.2,298.15,348.432,0.405
0.004854,35838.6,298.15,348.432,0.404993
0.004856,35838,298.15,348.432,0.404986
0.004858,35837.4,298.15,348.432,0.40498
0.00486,35836.9,298.15,348.432,0.404973
0.004862,35836.3,298.15,348.432,0.404967
0.004864,35835.7,298.15,348.432,0.40496
0.004866,35835.1,298.15,348.432,0.404954
0.004868,35834.5,298.15,348.432,0.404947
0.00487,35834,298.15,348.432,0.404941
0.004872,35833.4,298.15,348.432,0.404934
0.004874,35832.8,298.15,348.432,0.404927
0.004876,35832.2,298.15,348.432,0.404921
0.004878,35831.7,298.15,348.432,0.404914
0.00488,35831.1,298.15,348.432,0.404908
0.004882,35830.5,298.15,348.432,0.404901
0.004884,35829.9,298.15,348.432,0.404895
0.004886,35829.4,298.15,348.432,0.404888
0.004888,35828.8,298.15,348.432,0.404882
0.00489,35828.2,298.15,348.432,0.404875
0.004892,35827.6,298.15,348.432,0.404869
0.004894,35827.1,298.15,348.432,0.404862
0.004896,35826.5,298.15,348.432,0.404856
0.004898,35825.9,298.15,348.432,0.40485
0.0049,35825.3,298.15,348.432,0.404843
0.004902,35824.8,298.15,348.432,0.404837
0.004904,35824.2,298.15,348.432,0.40483
0.004906,35823.6,298.15,348.432,0.404824
0.004908,35823.1,298.15,348.432,0.404817
0.00491,35822.5,298.15,348.432,0.404811
0.004912,35821.9,298.15,348.432,0.404804
0.004914,35821.4,298.15,348.432,0.404798
0.004916,35820.8,298.15,348.432,0.404792
0.004918,35820.2,298.15,348.432,0.404785
0.00492,35819.7,298.15,348.432,0.404779
0.004922,35819.1,298.15,348.432,0.404772
0.004924,35818.5,298.15,348.432,0.404766
0.004926,35818,298.15,348.432,0.40476
0.004928,35817.4,298.15,348.432,0.404753
0.00493,35816.8,298.15,348.432,0.404747
0.004932,35816.3,298.15,348.432,0.40474
0.004934,35815.7,298.15,348.432,0.404734
0.004936,35815.1,298.15,348.432,0.404728
0.004938,35814.6,298.15,348.432,0.404721
0.00494,35814,298.15,348.432,0.404715
0.004942,35813.4,298.15,348.432,0.404709
0.004944,35812.9,298.15,348.432,0.404702
0.004946,35812.3,298.15,348.432,0.404696
0.004948,35811.8,298.15,348.432,0.40469
0.00495,35811.2,298.15,348.432,0.404683
0.004952,35810.6,298.15,348.432,0.404677
0.004954,35810.1,298.15,348.432,0.404671
0.004956,35809.5,298.15,348.432,0.404664
0.004958,35809,298.15,348.432,0.404658
0.00496,35808.4,298.15,348.432,0.404652
0.004962,35807.9,298.15,348.432,0.404645
0.004964,35807.3,298.15,348.432,0.404639
0.004966,35806.7,298.15,348.432,0.404633
0.004968,35806.2,298.15,348.432,0.404627
0.00497,35805.6,298.15,348.432,0.40462
0.004972,35805.1,298.15,348.432,0.404614
0.004974,35804.5,298.15,348.432,0.404608
0.004976,35804,298.15,348.432,0.404602
0.004978,35803.4,298.15,348.432,0.404595
0.00498,35802.9,298.15,348.432,0.404589
0.004982,35802.3,298.15,348.432,0.404583
0.004984,35801.8,298.15,348.432,0.404577
0.004986,35801.2,298.15,348.432,0.40457
0.004988,35800.7,298.15,348.432,0.404564
0.00499,35800.1,298.15,348.432,0.404558
0.004992,35799.6,298.15,348.432,0.404552
0.004994,35799,298.15,348.432,0.404545
0.004996,35798.5,298.15,348.432,0.404539
0.004998,35797.9,298.15,348.432,0.404533
0.005,35797.4,298.15,348.432,0.404527
